Name,Weights Evolution,Objective Function Values Evolution
SPSA200-ZFeature4-RealAmplitudes2,"[array([-0.17157018,  0.65894142,  0.4978322 ,  0.57734652,  0.65784729,
        0.55282123,  0.84945595,  0.70800625,  1.09586075,  0.1279886 ,
        0.22504708,  0.26358855]), array([0.22842982, 1.05894142, 0.8978322 , 0.17734652, 0.25784729,
       0.95282123, 0.44945595, 0.30800625, 0.69586075, 0.5279886 ,
       0.62504708, 0.66358855]), array([0.22842982, 0.65894142, 0.8978322 , 0.57734652, 0.65784729,
       0.55282123, 0.44945595, 0.30800625, 0.69586075, 0.5279886 ,
       0.62504708, 0.26358855]), array([-0.17157018,  1.05894142,  0.4978322 ,  0.17734652,  0.25784729,
        0.95282123,  0.84945595,  0.70800625,  1.09586075,  0.1279886 ,
        0.22504708,  0.66358855]), array([0.22842982, 0.65894142, 0.4978322 , 0.17734652, 0.65784729,
       0.95282123, 0.44945595, 0.70800625, 1.09586075, 0.5279886 ,
       0.22504708, 0.26358855]), array([-0.17157018,  1.05894142,  0.8978322 ,  0.57734652,  0.25784729,
        0.55282123,  0.84945595,  0.30800625,  0.69586075,  0.1279886 ,
        0.62504708,  0.66358855]), array([-0.17157018,  1.05894142,  0.4978322 ,  0.17734652,  0.25784729,
        0.55282123,  0.84945595,  0.30800625,  1.09586075,  0.1279886 ,
        0.62504708,  0.66358855]), array([0.22842982, 0.65894142, 0.8978322 , 0.57734652, 0.65784729,
       0.95282123, 0.44945595, 0.70800625, 0.69586075, 0.5279886 ,
       0.22504708, 0.26358855]), array([-0.17157018,  0.65894142,  0.8978322 ,  0.17734652,  0.25784729,
        0.55282123,  0.84945595,  0.30800625,  0.69586075,  0.5279886 ,
        0.22504708,  0.26358855]), array([0.22842982, 1.05894142, 0.4978322 , 0.57734652, 0.65784729,
       0.95282123, 0.44945595, 0.70800625, 1.09586075, 0.1279886 ,
       0.62504708, 0.66358855]), array([0.22842982, 1.05894142, 0.4978322 , 0.57734652, 0.65784729,
       0.55282123, 0.44945595, 0.30800625, 1.09586075, 0.1279886 ,
       0.62504708, 0.66358855]), array([-0.17157018,  0.65894142,  0.8978322 ,  0.17734652,  0.25784729,
        0.95282123,  0.84945595,  0.70800625,  0.69586075,  0.5279886 ,
        0.22504708,  0.26358855]), array([-0.17157018,  0.65894142,  0.4978322 ,  0.57734652,  0.65784729,
        0.95282123,  0.84945595,  0.30800625,  1.09586075,  0.1279886 ,
        0.62504708,  0.26358855]), array([0.22842982, 1.05894142, 0.8978322 , 0.17734652, 0.25784729,
       0.55282123, 0.44945595, 0.70800625, 0.69586075, 0.5279886 ,
       0.22504708, 0.66358855]), array([-0.17157018,  1.05894142,  0.8978322 ,  0.17734652,  0.25784729,
        0.55282123,  0.84945595,  0.70800625,  0.69586075,  0.1279886 ,
        0.22504708,  0.26358855]), array([0.22842982, 0.65894142, 0.4978322 , 0.57734652, 0.65784729,
       0.95282123, 0.44945595, 0.30800625, 1.09586075, 0.5279886 ,
       0.62504708, 0.66358855]), array([-0.17157018,  1.05894142,  0.8978322 ,  0.57734652,  0.25784729,
        0.95282123,  0.44945595,  0.30800625,  1.09586075,  0.1279886 ,
        0.22504708,  0.26358855]), array([0.22842982, 0.65894142, 0.4978322 , 0.17734652, 0.65784729,
       0.55282123, 0.84945595, 0.70800625, 0.69586075, 0.5279886 ,
       0.62504708, 0.66358855]), array([-0.17157018,  1.05894142,  0.8978322 ,  0.17734652,  0.65784729,
        0.95282123,  0.84945595,  0.70800625,  1.09586075,  0.5279886 ,
        0.22504708,  0.26358855]), array([0.22842982, 0.65894142, 0.4978322 , 0.57734652, 0.25784729,
       0.55282123, 0.44945595, 0.30800625, 0.69586075, 0.1279886 ,
       0.62504708, 0.66358855]), array([-0.17157018,  1.05894142,  0.4978322 ,  0.57734652,  0.25784729,
        0.95282123,  0.84945595,  0.30800625,  0.69586075,  0.1279886 ,
        0.62504708,  0.26358855]), array([0.22842982, 0.65894142, 0.8978322 , 0.17734652, 0.65784729,
       0.55282123, 0.44945595, 0.70800625, 1.09586075, 0.5279886 ,
       0.22504708, 0.66358855]), array([-0.17157018,  0.65894142,  0.4978322 ,  0.17734652,  0.25784729,
        0.55282123,  0.44945595,  0.70800625,  0.69586075,  0.5279886 ,
        0.22504708,  0.66358855]), array([0.22842982, 1.05894142, 0.8978322 , 0.57734652, 0.65784729,
       0.95282123, 0.84945595, 0.30800625, 1.09586075, 0.1279886 ,
       0.62504708, 0.26358855]), array([0.22842982, 1.05894142, 0.8978322 , 0.57734652, 0.25784729,
       0.55282123, 0.44945595, 0.70800625, 0.69586075, 0.1279886 ,
       0.62504708, 0.66358855]), array([-0.17157018,  0.65894142,  0.4978322 ,  0.17734652,  0.65784729,
        0.95282123,  0.84945595,  0.30800625,  1.09586075,  0.5279886 ,
        0.22504708,  0.26358855]), array([-0.17157018,  1.05894142,  0.8978322 ,  0.17734652,  0.25784729,
        0.55282123,  0.84945595,  0.30800625,  1.09586075,  0.5279886 ,
        0.62504708,  0.26358855]), array([0.22842982, 0.65894142, 0.4978322 , 0.57734652, 0.65784729,
       0.95282123, 0.44945595, 0.70800625, 0.69586075, 0.1279886 ,
       0.22504708, 0.66358855]), array([0.22842982, 1.05894142, 0.8978322 , 0.17734652, 0.25784729,
       0.55282123, 0.44945595, 0.30800625, 1.09586075, 0.5279886 ,
       0.62504708, 0.26358855]), array([-0.17157018,  0.65894142,  0.4978322 ,  0.57734652,  0.65784729,
        0.95282123,  0.84945595,  0.70800625,  0.69586075,  0.1279886 ,
        0.22504708,  0.66358855]), array([-0.17157018,  1.05894142,  0.4978322 ,  0.17734652,  0.65784729,
        0.55282123,  0.44945595,  0.30800625,  1.09586075,  0.5279886 ,
        0.62504708,  0.66358855]), array([0.22842982, 0.65894142, 0.8978322 , 0.57734652, 0.25784729,
       0.95282123, 0.84945595, 0.70800625, 0.69586075, 0.1279886 ,
       0.22504708, 0.26358855]), array([0.22842982, 0.65894142, 0.4978322 , 0.57734652, 0.25784729,
       0.55282123, 0.84945595, 0.30800625, 0.69586075, 0.5279886 ,
       0.62504708, 0.26358855]), array([-0.17157018,  1.05894142,  0.8978322 ,  0.17734652,  0.65784729,
        0.95282123,  0.44945595,  0.70800625,  1.09586075,  0.1279886 ,
        0.22504708,  0.66358855]), array([-0.17157018,  1.05894142,  0.8978322 ,  0.17734652,  0.65784729,
        0.55282123,  0.84945595,  0.70800625,  1.09586075,  0.5279886 ,
        0.22504708,  0.26358855]), array([0.22842982, 0.65894142, 0.4978322 , 0.57734652, 0.25784729,
       0.95282123, 0.44945595, 0.30800625, 0.69586075, 0.1279886 ,
       0.62504708, 0.66358855]), array([-0.17157018,  1.05894142,  0.8978322 ,  0.17734652,  0.65784729,
        0.95282123,  0.44945595,  0.30800625,  0.69586075,  0.5279886 ,
        0.62504708,  0.66358855]), array([0.22842982, 0.65894142, 0.4978322 , 0.57734652, 0.25784729,
       0.55282123, 0.84945595, 0.70800625, 1.09586075, 0.1279886 ,
       0.22504708, 0.26358855]), array([0.22842982, 1.05894142, 0.4978322 , 0.57734652, 0.65784729,
       0.95282123, 0.84945595, 0.30800625, 1.09586075, 0.1279886 ,
       0.62504708, 0.66358855]), array([-0.17157018,  0.65894142,  0.8978322 ,  0.17734652,  0.25784729,
        0.55282123,  0.44945595,  0.70800625,  0.69586075,  0.5279886 ,
        0.22504708,  0.26358855]), array([0.22842982, 1.05894142, 0.8978322 , 0.17734652, 0.65784729,
       0.95282123, 0.84945595, 0.30800625, 0.69586075, 0.5279886 ,
       0.62504708, 0.66358855]), array([-0.17157018,  0.65894142,  0.4978322 ,  0.57734652,  0.25784729,
        0.55282123,  0.44945595,  0.70800625,  1.09586075,  0.1279886 ,
        0.22504708,  0.26358855]), array([0.22842982, 1.05894142, 0.8978322 , 0.17734652, 0.25784729,
       0.55282123, 0.44945595, 0.30800625, 0.69586075, 0.5279886 ,
       0.22504708, 0.66358855]), array([-0.17157018,  0.65894142,  0.4978322 ,  0.57734652,  0.65784729,
        0.95282123,  0.84945595,  0.70800625,  1.09586075,  0.1279886 ,
        0.62504708,  0.26358855]), array([-0.17157018,  0.65894142,  0.8978322 ,  0.57734652,  0.25784729,
        0.95282123,  0.44945595,  0.30800625,  1.09586075,  0.5279886 ,
        0.22504708,  0.26358855]), array([0.22842982, 1.05894142, 0.4978322 , 0.17734652, 0.65784729,
       0.55282123, 0.84945595, 0.70800625, 0.69586075, 0.1279886 ,
       0.62504708, 0.66358855]), array([0.22842982, 1.05894142, 0.4978322 , 0.57734652, 0.25784729,
       0.55282123, 0.84945595, 0.30800625, 0.69586075, 0.1279886 ,
       0.62504708, 0.26358855]), array([-0.17157018,  0.65894142,  0.8978322 ,  0.17734652,  0.65784729,
        0.95282123,  0.44945595,  0.70800625,  1.09586075,  0.5279886 ,
        0.22504708,  0.66358855]), array([0.22842982, 1.05894142, 0.8978322 , 0.17734652, 0.25784729,
       0.95282123, 0.84945595, 0.30800625, 0.69586075, 0.5279886 ,
       0.62504708, 0.66358855]), array([-0.17157018,  0.65894142,  0.4978322 ,  0.57734652,  0.65784729,
        0.55282123,  0.44945595,  0.70800625,  1.09586075,  0.1279886 ,
        0.22504708,  0.26358855]), array([-0.17157018,  0.65894142,  0.4978322 ,  0.57734652,  0.25784729,
        0.95282123,  0.84945595,  0.30800625,  1.09586075,  0.1279886 ,
        0.22504708,  0.66358855]), array([0.22842982, 1.05894142, 0.8978322 , 0.17734652, 0.65784729,
       0.55282123, 0.44945595, 0.70800625, 0.69586075, 0.5279886 ,
       0.62504708, 0.26358855]), array([0.01944937, 0.84996097, 0.31589716, 0.75928156, 0.07591225,
       0.76180168, 1.03139099, 0.4990258 , 0.9048412 , 0.31900815,
       0.41606663, 0.472569  ]), array([-0.35350523,  0.47700638,  0.68885175,  0.38632697,  0.44886684,
        1.13475628,  0.65843639,  0.12607121,  1.2777958 , -0.05394645,
        0.04311204,  0.84552359]), array([ 0.37631673,  0.84883846,  0.31701967,  0.75815905, -0.28095512,
        0.40493431,  1.03026848,  0.85589317,  0.90596371,  0.67587551,
        0.41494413,  0.47369151]), array([ 0.01832686,  1.20682834, -0.04097021,  1.11614893,  0.07703476,
        0.76292419,  1.38825836,  0.49790329,  0.54797383,  0.31788564,
        0.772934  ,  0.11570163]), array([ 0.69231768,  0.88057534,  0.28528279,  0.78989593, -0.59695606,
        0.08893337,  0.71426753,  1.17189412,  0.87422683,  0.64413864,
        0.446681  ,  0.44195463]), array([ 0.34457986,  0.53283752,  0.63302061,  0.4421581 , -0.24921824,
        0.43667119,  1.06200536,  0.82415629,  1.22196466,  0.99187646,
        0.09894318,  0.78969245]), array([ 0.47503091,  0.32330024,  0.84255789,  0.57260916, -0.3796693 ,
        0.30622013,  0.9315543 ,  0.61461901,  1.0915136 ,  0.8614254 ,
        0.22939424,  0.65924139]), array([ 0.13504257,  0.66328858,  0.50256955,  0.23262082, -0.03968096,
        0.64620847,  1.27154264,  0.95460735,  1.43150194,  1.20141374,
       -0.1105941 ,  0.99922973]), array([ 0.35659806,  0.44173309,  0.39034012,  0.45417631, -0.26123645,
        0.42465299,  1.04998715,  1.06683679,  1.54373137,  1.31364318,
       -0.22282354,  1.11145917]), array([0.02281314, 0.77551801, 0.72412504, 0.12039139, 0.07254848,
       0.75843791, 1.38377207, 0.73305186, 1.20994645, 0.97985825,
       0.11096139, 0.77767424]), array([ 0.41851593,  0.37981522,  0.32842225,  0.18746578, -0.32315431,
        0.69136352,  0.98806928,  0.80012626,  1.27702084,  1.37556104,
       -0.2847414 ,  0.84474864]), array([0.08988753, 0.70844362, 0.65705065, 0.51609418, 0.00547408,
       0.36273512, 1.31669768, 1.12875465, 1.60564924, 1.04693265,
       0.04388699, 1.17337703]), array([-0.29369921,  0.76780432,  0.71641135,  0.89968092,  0.38906083,
        0.30337442,  1.37605838,  1.5123414 ,  1.66500994,  0.6633459 ,
        0.10324769,  1.55696378]), array([ 0.03052684,  1.09203036,  1.04063739,  0.57545488,  0.06483478,
       -0.02085163,  1.70028443,  1.18811535,  1.98923598,  0.98757195,
        0.42747374,  1.23273773]), array([-0.05766318,  1.00384035,  0.95244738,  0.98403677,  0.47341668,
        0.06733839,  1.61209441,  1.27630537,  1.58065409,  0.89938193,
        0.33928372,  1.64131963]), array([-0.37805506,  0.68344847,  0.6320555 ,  0.66364489,  0.1530248 ,
        0.38773027,  1.29170253,  1.59669724,  1.90104597,  0.57899005,
        0.01889184,  1.32092775]), array([-0.19828646,  1.1802176 ,  1.12882463,  0.84341349,  0.64979393,
        0.20796167,  1.78847166,  1.09992811,  1.40427683,  0.75875865,
        0.19866044,  1.50069635]), array([ 0.11871407,  0.86321707,  0.8118241 ,  1.16041403,  0.3327934 ,
       -0.10903886,  1.47147113,  1.41692864,  1.72127736,  1.07575919,
        0.51566098,  1.81769688]), array([ 0.0851743 ,  1.21072046,  1.15932749,  0.81291064,  0.68029679,
       -0.0754991 ,  1.81897452,  1.38338888,  1.6877376 ,  0.7282558 ,
        0.16815759,  1.47019349]), array([-0.22878932,  0.89675684,  0.84536387,  1.12687426,  0.36633317,
        0.23846453,  1.5050109 ,  1.06942525,  1.37377397,  1.04221942,
        0.48212121,  1.78415711]), array([-0.34438431,  1.0923784 ,  0.72976888,  1.24246925,  0.56195473,
        0.04284296,  1.38941591,  1.26504681,  1.56939554,  1.15781441,
        0.28649965,  1.8997521 ]), array([-0.03316776,  0.78116185,  1.04098543,  0.9312527 ,  0.25073818,
        0.35405952,  1.70063246,  0.95383026,  1.25817899,  0.84659786,
        0.5977162 ,  1.58853555]), array([0.00984709, 1.04685772, 1.08400028, 1.19694857, 0.20772333,
       0.39707436, 1.74364731, 0.91081541, 1.52387486, 0.80358301,
       0.64073105, 1.5455207 ]), array([-0.29886363,  0.738147  ,  0.77528956,  0.88823785,  0.51643405,
        0.08836364,  1.43493659,  1.21952614,  1.21516414,  1.11229373,
        0.33202033,  1.85423142]), array([-0.32856049,  0.70845014,  1.05200137,  0.85854099,  0.23972223,
        0.05866678,  1.71164841,  1.249223  ,  1.49187595,  0.83558191,
        0.60873214,  1.88392828]), array([-0.02215181,  1.01485882,  0.7455927 ,  1.16494966,  0.54613091,
        0.36507546,  1.40523973,  0.94281432,  1.18546728,  1.14199059,
        0.30232347,  1.57751961]), array([0.02973187, 1.0667425 , 0.99798997, 0.91255239, 0.59801459,
       0.41695914, 1.35335605, 0.89093064, 1.43786455, 1.19387427,
       0.25043978, 1.52563593]), array([-0.27454909,  0.76246154,  0.69370902,  1.21683335,  0.29373363,
        0.11267818,  1.65763701,  1.1952116 ,  1.1335836 ,  0.88959331,
        0.55472074,  1.82991688]), array([-0.20022873,  0.8367819 ,  0.76802938,  1.14251298,  0.67035798,
        0.18699854,  1.28101266,  0.81858725,  1.20790396,  0.96391367,
        0.1780964 ,  1.75559652]), array([0.10207526, 1.13908589, 1.07033336, 0.840209  , 0.368054  ,
       0.48930253, 1.58331664, 1.12089123, 1.51020794, 1.26621766,
       0.48040038, 1.45329254]), array([0.08013931, 0.81669133, 0.7479388 , 1.16260356, 0.69044855,
       0.46736658, 1.26092209, 1.09895528, 1.48827199, 1.24428171,
       0.15800582, 1.47522849]), array([-0.2203193 ,  1.11714993,  1.04839741,  0.86214495,  0.38998995,
        0.16690797,  1.56138069,  0.79849668,  1.18781338,  0.9438231 ,
        0.45846443,  1.7756871 ]), array([0.17959323, 1.01596646, 0.94721394, 0.96332842, 0.78990248,
       0.5668205 , 1.46019722, 0.89968015, 1.28899686, 1.04500657,
       0.0585519 , 1.67450362]), array([-0.11913583,  0.71723741,  0.64848488,  1.26205748,  0.49117342,
        0.26809144,  1.16146816,  1.1984092 ,  1.58772591,  1.34373563,
        0.35728096,  1.37577457]), array([0.1697061 , 0.70897713, 0.93732681, 0.97321555, 0.48291314,
       0.55693337, 1.15320789, 0.90956728, 1.59598619, 1.0548937 ,
       0.36554124, 1.36751429]), array([-0.12739611,  1.00607934,  0.64022461,  1.27031776,  0.78001535,
        0.25983117,  1.45031009,  1.20666948,  1.29888398,  1.35199591,
        0.06843903,  1.6646165 ]), array([-0.11459976,  0.69771598,  0.94858796,  0.9619544 ,  0.76721901,
        0.56819452,  1.14194674,  1.19387314,  1.31168032,  1.33919957,
        0.37680238,  1.35625314]), array([0.18096725, 0.99328299, 0.65302095, 1.25752141, 0.47165199,
       0.27262751, 1.43751375, 0.89830613, 1.60724734, 1.04363255,
       0.08123537, 1.65182015]), array([-0.13650335,  0.67581239,  0.97049155,  1.23416491,  0.4950085 ,
        0.29598401,  1.12004315,  0.92166263,  1.28977674,  1.36110315,
        0.39870597,  1.62846365]), array([0.15761075, 0.96992649, 0.67637745, 0.94005081, 0.78912259,
       0.59009811, 1.41415725, 1.21577673, 1.58389083, 1.06698906,
       0.10459187, 1.33434955]), array([-0.1403533 ,  0.96469788,  0.68160606,  1.23801486,  0.49115855,
        0.5848695 ,  1.1161932 ,  1.21054812,  1.57866223,  1.07221767,
        0.10982048,  1.6323136 ]), array([0.15238214, 0.67196244, 0.9743415 , 0.94527942, 0.78389398,
       0.29213406, 1.40892864, 0.91781268, 1.28592679, 1.3649531 ,
       0.40255592, 1.33957816]), array([0.150026  , 0.67431858, 0.97198536, 0.94763556, 0.78153785,
       0.58591431, 1.11514839, 0.92016882, 1.57970704, 1.36259697,
       0.40019978, 1.63335841]), array([-0.14139811,  0.96574269,  0.68056125,  1.23905967,  0.49011374,
        0.2944902 ,  1.4065725 ,  1.21159293,  1.28828292,  1.07117285,
        0.10877567,  1.3419343 ]), array([0.16625267, 0.94826601, 0.69803793, 0.93140889, 0.50759041,
       0.60214098, 1.09892172, 0.90394214, 1.3057596 , 1.08864953,
       0.12625235, 1.35941098]), array([-0.12392143,  0.65809191,  0.98821203,  1.22158299,  0.79776452,
        0.31196688,  1.38909582,  1.19411625,  1.59593371,  1.37882364,
        0.41642646,  1.64958509]), array([-0.1448284 ,  0.63718494,  0.72013883,  1.24248996,  0.52969131,
        0.58004008,  1.12102262,  0.92604305,  1.61684068,  1.11075043,
        0.14835325,  1.38151188]), array([0.14415177, 0.92616511, 1.009119  , 0.95350979, 0.81867149,
       0.29105991, 1.41000279, 1.21502322, 1.3278605 , 1.39973061,
       0.43733343, 1.67049206]), array([0.09917841, 0.88119175, 0.67630794, 1.28632085, 0.77369813,
       0.62387097, 1.07719173, 1.17004986, 1.37283386, 1.35475725,
       0.10452236, 1.33768099]), array([-0.18865929,  0.59335405,  0.96414565,  0.99848315,  0.48586043,
        0.33603326,  1.36502944,  0.88221216,  1.66067157,  1.06691955,
        0.39236007,  1.6255187 ]), array([0.1001798 , 0.59545052, 0.67530656, 1.28732224, 0.77469952,
       0.33812973, 1.07619035, 0.88430863, 1.37183248, 1.35575864,
       0.10352098, 1.62342223]), array([-0.18656282,  0.88219314,  0.96204918,  1.00057962,  0.4879569 ,
        0.62487235,  1.36293297,  1.17105125,  1.6585751 ,  1.06901601,
        0.3902636 ,  1.33667961]), array([-0.21881466,  0.62875367,  0.7086097 ,  0.96832778,  0.74139637,
        0.65712419,  1.3951848 ,  0.91761177,  1.40513562,  1.32245549,
        0.42251543,  1.30442777]), array([0.06687665, 0.91444498, 0.99430101, 1.25401909, 0.45570506,
       0.37143288, 1.10949349, 1.20330308, 1.69082693, 1.03676418,
       0.13682413, 1.59011908]), array([-0.18431176,  0.94793711,  1.02779315,  1.00283068,  0.42221293,
        0.33794075,  1.36068191,  0.95211467,  1.43963852,  1.00327204,
        0.38801254,  1.62361122]), array([0.10036879, 0.66325656, 0.7431126 , 1.28751122, 0.70689347,
       0.62262129, 1.07600136, 1.23679522, 1.72431907, 1.28795259,
       0.10333199, 1.33893067]), array([0.10114499, 0.66248036, 0.7423364 , 1.00457997, 0.70766967,
       0.62339749, 1.07522516, 1.23757142, 1.72509527, 1.00502134,
       0.10255579, 1.62186192]), array([-0.18256247,  0.94618781,  1.02604385,  1.28828742,  0.42396222,
        0.33969004,  1.35893261,  0.95386397,  1.44138782,  1.28872879,
        0.38626324,  1.33815447]), array([0.11857063, 0.64505471, 1.00768018, 0.98715432, 0.44232589,
       0.35805371, 1.05779951, 1.25499706, 1.74252092, 0.98759569,
       0.36789958, 1.63928757]), array([-0.1641988 ,  0.92782415,  0.72491075,  1.26992376,  0.72509532,
        0.64082314,  1.34056894,  0.97222763,  1.45975148,  1.27036513,
        0.08513014,  1.35651814]), array([0.17261476, 0.87287474, 0.77986016, 0.9331102 , 0.38828177,
       0.58587374, 1.28561954, 1.02717704, 1.51470089, 0.93355157,
       0.14007955, 1.41146754]), array([-0.10924939,  0.59101059,  1.06172431,  1.21497435,  0.67014592,
        0.30400959,  1.00375539,  1.30904119,  1.79656504,  1.21541572,
        0.4219437 ,  1.69333169]), array([-0.17364573,  0.52661426,  1.12612064,  0.99838119,  0.45355275,
        0.52060275,  0.93935906,  1.37343752,  1.57997188,  0.99882256,
        0.48634003,  1.75772802]), array([0.10734377, 0.80760375, 0.84513114, 1.27937069, 0.73454225,
       0.23961325, 1.22034855, 1.09244803, 1.86096137, 1.27981205,
       0.20535054, 1.47673853]), array([-0.13998268,  0.84042085,  1.09245759,  1.31218778,  0.4872158 ,
        0.20679616,  0.9730221 ,  1.05963093,  1.61363492,  1.31262915,
        0.45267698,  1.44392143]), array([0.14016086, 0.56027731, 0.81231405, 1.03204424, 0.76735935,
       0.4869397 , 1.25316565, 1.33977447, 1.89377847, 1.03248561,
       0.17253344, 1.72406498]), array([-0.08977113,  0.51088474,  0.76292149,  1.26197623,  0.81675191,
        0.25700771,  1.02323365,  1.10984248,  1.94317103,  0.98309304,
        0.12314088,  1.77345754]), array([0.18955343, 0.7902093 , 1.04224604, 0.98265168, 0.53742735,
       0.53633226, 1.30255821, 1.38916703, 1.66384647, 1.2624176 ,
       0.40246544, 1.49413298]), array([0.3373587 , 0.93801458, 0.91152038, 1.11337733, 0.66815301,
       0.4056066 , 1.45036349, 1.53697231, 1.51604119, 1.41022288,
       0.27173978, 1.62485864]), array([0.05882777, 0.65948364, 1.19005132, 0.8348464 , 0.38962207,
       0.68413754, 1.17183255, 1.25844138, 1.79457213, 1.13169194,
       0.55027071, 1.3463277 ]), array([0.07235718, 0.67301306, 1.1765219 , 1.12613704, 0.40315149,
       0.67060812, 1.18536197, 1.27197079, 1.78104271, 1.42298258,
       0.25898007, 1.35985712]), array([0.35011841, 0.95077428, 0.89876068, 0.84837581, 0.68091271,
       0.3928469 , 1.46312319, 1.54973202, 1.50328149, 1.14522136,
       0.5367413 , 1.63761834]), array([0.36896356, 0.69260535, 1.15692961, 1.10654475, 0.69975786,
       0.65101583, 1.48196834, 1.56857717, 1.76145042, 1.12637621,
       0.55558645, 1.65646349]), array([0.09194947, 0.96961943, 0.87991553, 0.82953066, 0.42274378,
       0.37400175, 1.20495426, 1.29156308, 1.48443634, 1.40339029,
       0.27857236, 1.37944941]), array([0.33262918, 1.00522801, 1.12059524, 1.07021037, 0.3871352 ,
       0.61468146, 1.16934568, 1.25595451, 1.72511605, 1.43899887,
       0.51925207, 1.34384083]), array([0.0563409 , 0.72893973, 0.84430696, 0.79392209, 0.66342349,
       0.33839318, 1.44563396, 1.53224279, 1.44882777, 1.16271059,
       0.24296379, 1.62012912]), array([-0.00596121,  0.94222031,  1.05758754,  1.00720267,  0.4501429 ,
        0.27609107,  1.50793607,  1.59454489,  1.66210835,  1.10040848,
        0.18066168,  1.40684853]), array([0.26962148, 0.66663762, 0.78200485, 0.73161999, 0.72572559,
       0.55167376, 1.23235338, 1.3189622 , 1.38652566, 1.37599117,
       0.45624437, 1.68243122]), array([0.02788499, 0.63347786, 0.74884509, 0.97335648, 0.48398909,
       0.30993727, 1.47408987, 1.28580245, 1.62826216, 1.13425467,
       0.48940413, 1.44069473]), array([0.30278124, 0.90837412, 1.02374135, 0.69846023, 0.75888535,
       0.58483352, 1.19919362, 1.5606987 , 1.3533659 , 1.40915093,
       0.21450788, 1.71559098]), array([0.29629651, 0.90188938, 1.01725661, 0.97917297, 0.4781726 ,
       0.57834879, 1.47990636, 1.55421397, 1.63407865, 1.12843818,
       0.22099261, 1.70910625]), array([0.0220685 , 0.62766137, 0.7430286 , 0.70494496, 0.75240061,
       0.30412077, 1.20567835, 1.27998596, 1.35985064, 1.40266619,
       0.49522062, 1.43487823]), array([0.21743224, 0.54944806, 0.93839235, 0.90030871, 0.55703687,
       0.49948452, 1.12746504, 1.20177264, 1.55521438, 1.20730245,
       0.57343393, 1.63024198]), array([-0.05614481,  0.82302512,  0.66481529,  0.62673165,  0.83061393,
        0.22590746,  1.4010421 ,  1.4753497 ,  1.28163733,  1.48087951,
        0.29985687,  1.35666492]), array([0.25170747, 0.51517283, 0.97266758, 0.66164137, 0.52276164,
       0.53375975, 1.09318981, 1.44043998, 1.31654705, 1.44596979,
       0.60770916, 1.39157464]), array([-0.02123509,  0.7881154 ,  0.69972501,  0.93458394,  0.79570421,
        0.26081718,  1.36613238,  1.16749742,  1.58948961,  1.17302722,
        0.3347666 ,  1.66451721]), array([0.2580539 , 0.78115016, 0.70669025, 0.65529494, 0.51641521,
       0.26778242, 1.08684339, 1.17446265, 1.58252437, 1.17999246,
       0.61405559, 1.38522822]), array([-0.01426986,  0.50882641,  0.979014  ,  0.9276187 ,  0.78873897,
        0.54010618,  1.35916714,  1.44678641,  1.31020062,  1.45231621,
        0.34173183,  1.65755197]), array([-0.02215747,  0.50093879,  0.98690162,  0.93550631,  0.79662658,
        0.54799379,  1.36705476,  1.45467402,  1.302313  ,  1.46020383,
        0.60556412,  1.39371969]), array([0.24956243, 0.77265869, 0.71518172, 0.66378641, 0.52490668,
       0.27627389, 1.09533486, 1.18295412, 1.57403291, 1.18848393,
       0.33384422, 1.66543959]), array([0.27955277, 0.80264903, 0.68519138, 0.90492641, 0.76604668,
       0.51741389, 1.33647486, 1.42409412, 1.60402324, 1.15849359,
       0.30385388, 1.69542992]), array([0.00842243, 0.53151869, 0.95632172, 0.63379608, 0.49491635,
       0.24628356, 1.06534452, 1.15296379, 1.33289291, 1.42962392,
       0.57498422, 1.42429959]), array([0.29226334, 0.54480519, 0.94303522, 0.91763699, 0.77875726,
       0.25957005, 1.34918543, 1.16625028, 1.61673382, 1.14578301,
       0.2911433 , 1.7081405 ]), array([0.02170893, 0.81535961, 0.67248081, 0.64708257, 0.50820284,
       0.53012447, 1.07863102, 1.4368047 , 1.3461794 , 1.41633743,
       0.56169772, 1.43758609]), array([0.08361555, 0.48346143, 0.73438743, 0.97898075, 0.84010102,
       0.19822629, 1.14053764, 1.10490652, 1.67807758, 1.08443925,
       0.22979954, 1.76948427]), array([0.35360711, 0.75345299, 1.00437898, 0.70898919, 0.57010946,
       0.46821785, 1.4105292 , 1.37489808, 1.40808602, 1.35443081,
       0.4997911 , 1.49949271]), array([0.0390769 , 0.43892277, 0.68984877, 1.02351941, 0.88463968,
       0.15368764, 1.3654402 , 1.06036787, 1.72261624, 1.0399006 ,
       0.18526089, 1.54458171]), array([0.30851811, 0.70836398, 0.95928998, 0.7540782 , 0.61519846,
       0.42312885, 1.09599899, 1.32980908, 1.45317502, 1.30934181,
       0.4547021 , 1.81402292]), array([0.04930372, 0.71805245, 0.7000756 , 0.74438973, 0.87441285,
       0.16391446, 1.35521337, 1.0705947 , 1.71238941, 1.31903027,
       0.46439056, 1.82371138]), array([0.31820657, 0.4491496 , 0.96897845, 1.01329258, 0.60551   ,
       0.43281731, 1.08631052, 1.33949754, 1.44348656, 1.05012742,
       0.19548772, 1.55480854]), array([0.0654504 , 0.43352979, 0.71622228, 0.7605364 , 0.85826617,
       0.44843713, 1.07069071, 1.35511736, 1.42786675, 1.3028836 ,
       0.1798679 , 1.80756471]), array([0.33382639, 0.70190577, 0.98459826, 1.02891239, 0.58989019,
       0.18006114, 1.33906669, 1.08674137, 1.69624273, 1.03450761,
       0.44824389, 1.53918872]), array([0.29292978, 0.66100917, 0.94370166, 0.98801579, 0.89864695,
       0.48881791, 1.29817009, 1.12763798, 1.38748596, 1.34326438,
       0.40734728, 1.84794549]), array([0.02506962, 0.39314901, 0.6758415 , 0.72015562, 0.63078679,
       0.22095774, 1.03030993, 1.39549814, 1.65534613, 1.07540422,
       0.13948712, 1.58008533]), array([-0.01168609,  0.62374825,  0.90644073,  0.95075486,  0.59403108,
        0.45155698,  1.26090916,  1.43225384,  1.69210183,  1.03864851,
        0.10273142,  1.54332962]), array([0.25566886, 0.3563933 , 0.63908579, 0.68339992, 0.86138603,
       0.18420204, 0.99355422, 1.1648989 , 1.42474689, 1.30600346,
       0.37008636, 1.81068457]), array([0.02395592, 0.58810624, 0.87079873, 0.91511286, 0.89653301,
       0.41591498, 1.22526716, 1.39661184, 1.3895999 , 1.34115044,
       0.40523335, 1.84583155]), array([0.29081584, 0.32124632, 0.60393881, 0.64825293, 0.62967309,
       0.14905505, 0.95840724, 1.12975191, 1.65645983, 1.07429052,
       0.13837342, 1.57897163]), array([0.27568274, 0.33637942, 0.61907191, 0.66338603, 0.91118091,
       0.16418816, 1.23991505, 1.41125973, 1.37495201, 1.35579833,
       0.41988124, 1.86047944]), array([0.00930802, 0.60275413, 0.88544662, 0.92976075, 0.64480619,
       0.43056287, 0.97354034, 1.14488502, 1.64132673, 1.08942362,
       0.15350652, 1.59410473]), array([0.03623834, 0.57582381, 0.59261735, 0.90283043, 0.67173651,
       0.1377336 , 1.00047066, 1.43771429, 1.34849745, 1.11635394,
       0.18043684, 1.886934  ]), array([0.3021373 , 0.30992486, 0.8585163 , 0.63693148, 0.93763547,
       0.40363255, 1.26636961, 1.17181534, 1.61439641, 1.38225289,
       0.4463358 , 1.62103505]), array([0.07240238, 0.27422748, 0.62878138, 0.6012341 , 0.97333284,
       0.43932993, 1.30206699, 1.13611796, 1.65009378, 1.15251797,
       0.21660088, 1.58533767]), array([0.33783468, 0.53965978, 0.89421368, 0.8666664 , 0.70790055,
       0.17389763, 1.03663469, 1.40155026, 1.38466149, 1.41795027,
       0.48203317, 1.85076997]), array([0.10985714, 0.31168224, 0.66623614, 0.63868886, 0.67090367,
       0.13690076, 1.26461223, 1.43854713, 1.61263903, 1.18997273,
       0.51903005, 1.62279243]), array([0.37483155, 0.57665665, 0.93121055, 0.90366327, 0.93587808,
       0.40187517, 0.99963782, 1.17357272, 1.34766461, 1.45494714,
       0.25405563, 1.88776684]), array([0.3114126 , 0.24871271, 0.8677916 , 0.57571933, 0.60793414,
       0.07393123, 1.32758176, 1.23699167, 1.41108356, 1.1270032 ,
       0.31747458, 1.82434789]), array([0.04688761, 0.5132377 , 0.60326661, 0.84024432, 0.87245914,
       0.33845622, 1.06305677, 1.50151666, 1.67560856, 1.39152819,
       0.58199958, 1.5598229 ]), array([0.05351138, 0.24253018, 0.60989038, 0.5695368 , 0.86583536,
       0.0677487 , 1.06968054, 1.49489289, 1.66898478, 1.38490442,
       0.31129205, 1.56644667]), array([0.31759513, 0.50661393, 0.87397413, 0.83362055, 0.60175161,
       0.33183245, 1.33376429, 1.23080914, 1.40490103, 1.12082067,
       0.5753758 , 1.83053042]), array([0.27573319, 0.2011016 , 0.8321122 , 0.79175861, 0.64361355,
       0.28997051, 1.02825196, 1.53632147, 1.71041337, 1.426333  ,
       0.26986347, 1.52501809]), array([0.0120828 , 0.46475199, 0.5684618 , 0.52810821, 0.90726395,
       0.02632012, 1.29190235, 1.27267107, 1.44676297, 1.16268261,
       0.53351387, 1.78866848]), array([0.08173629, 0.3950985 , 0.90133996, 0.86098638, 0.83761046,
       0.09597361, 1.22224886, 1.34232456, 1.77964113, 1.49556077,
       0.46386038, 1.45579032]), array([0.34496096, 0.13187383, 0.63811529, 0.5977617 , 0.57438578,
       0.35919828, 0.95902419, 1.60554924, 1.51641646, 1.2323361 ,
       0.2006357 , 1.71901499]), array([0.11437481, 0.09965365, 0.86870144, 0.82834785, 0.80497193,
       0.39141846, 1.18961034, 1.63776942, 1.48419628, 1.46292224,
       0.16841553, 1.48842885]), array([0.37718114, 0.36245998, 0.60589511, 0.56554153, 0.5421656 ,
       0.12861213, 0.92680401, 1.37496309, 1.74700261, 1.20011592,
       0.43122185, 1.75123517]), array([0.38993642, 0.37521526, 0.59313983, 0.55278624, 0.52941032,
       0.11585685, 0.91404873, 1.36220781, 1.49736278, 1.18736063,
       0.44397714, 1.50159534]), array([0.12754131, 0.11282015, 0.85553494, 0.81518135, 0.79180543,
       0.37825196, 1.17644384, 1.62460292, 1.75975789, 1.44975575,
       0.18158202, 1.76399046]), array([0.0802623 , 0.06554114, 0.90281394, 0.86246036, 0.57709363,
       0.42553097, 0.96173204, 1.40989112, 1.54504609, 1.23504394,
       0.39629383, 1.81126946]), array([0.34225311, 0.32753195, 0.64082314, 0.60046955, 0.83908444,
       0.16354016, 1.22372285, 1.67188192, 1.8070369 , 1.49703475,
       0.13430302, 1.54927865]), array([0.11308489, 0.35995692, 0.86999136, 0.82963777, 0.87150941,
       0.13111519, 0.99455462, 1.70430689, 1.83946186, 1.52945972,
       0.36347124, 1.77844688]), array([0.37467808, 0.09836373, 0.60839817, 0.56804458, 0.60991622,
       0.39270838, 1.25614781, 1.4427137 , 1.57786867, 1.26786653,
       0.10187805, 1.51685368]), array([0.35923596, 0.11380585, 0.62384029, 0.5834867 , 0.88656039,
       0.37726626, 1.24070569, 1.71935788, 1.85451285, 1.28330865,
       0.37852222, 1.5322958 ]), array([0.09803391, 0.3750079 , 0.88504234, 0.84468876, 0.62535834,
       0.1160642 , 0.97950364, 1.45815582, 1.59331079, 1.5445107 ,
       0.11732017, 1.79349786]), array([0.34113826, 0.13190355, 0.64193799, 0.6015844 , 0.60764549,
       0.35916856, 0.96179079, 1.44044297, 1.83641515, 1.56222355,
       0.36042452, 1.81121071]), array([0.08032106, 0.39272075, 0.90275519, 0.86240161, 0.86846269,
       0.09835136, 1.22260799, 1.70126018, 1.57559794, 1.30140635,
       0.09960732, 1.55039351]), array([0.40533897, 0.32814128, 0.83817572, 0.53738369, 0.80388322,
       0.42336927, 0.89759008, 1.37624226, 1.64017741, 1.36598582,
       0.42462523, 1.61497297]), array([0.14490053, 0.06770284, 0.57773728, 0.79782214, 0.54344478,
       0.16293083, 1.15802852, 1.63668071, 1.90061586, 1.62642426,
       0.16418679, 1.87541142]), array([0.37690268, 0.29970499, 0.54967384, 0.56581998, 0.51538134,
       0.13486739, 1.18609196, 1.40467855, 1.9286793 , 1.6544877 ,
       0.39618894, 1.90347486]), array([0.11683709, 0.0396394 , 0.80973943, 0.82588558, 0.77544693,
       0.39493298, 0.92602637, 1.66474415, 1.6686137 , 1.39442211,
       0.13612335, 1.64340926]), array([0.09519208, 0.0179944 , 0.57168595, 0.5878321 , 0.79709193,
       0.41657798, 1.16407985, 1.68638915, 1.6469687 , 1.37277711,
       0.37417683, 1.62176426]), array([0.35489056, 0.27769288, 0.83138443, 0.84753058, 0.53739345,
       0.1568795 , 0.90438137, 1.42669067, 1.90666718, 1.63247559,
       0.11447835, 1.88146274]), array([0.34563395, 0.26843626, 0.82212782, 0.83827396, 0.54665007,
       0.16613612, 0.91363799, 1.69528423, 1.63807362, 1.62321897,
       0.12373497, 1.61286918]), array([0.08629701, 0.00909932, 0.56279087, 0.57893702, 0.80598701,
       0.42547306, 1.17297493, 1.43594729, 1.89741056, 1.36388203,
       0.38307191, 1.87220612]), array([ 0.04782201, -0.02937567,  0.52431588,  0.54046203,  0.58548119,
        0.20496724,  0.95246911,  1.39747229,  1.93588556,  1.58438785,
        0.4215469 ,  1.65170031]), array([0.30680282, 0.22960514, 0.78329669, 0.79944284, 0.844462  ,
       0.46394805, 1.21144992, 1.6564531 , 1.67690475, 1.32540704,
       0.16256609, 1.91068112]), array([ 0.28902233, -0.0468053 ,  0.50688626,  0.5230324 ,  0.82668151,
        0.18753761,  1.19366943,  1.38004267,  1.95331518,  1.60181747,
        0.18034658,  1.63427068]), array([0.03039239, 0.21182464, 0.7655162 , 0.78166234, 0.56805157,
       0.44616756, 0.93503948, 1.63867261, 1.69468524, 1.34318753,
       0.43897653, 1.89290062]), array([ 0.08847405, -0.10454121,  0.70743453,  0.46529649,  0.62613323,
        0.1298017 ,  0.99312115,  1.58059094,  1.75276691,  1.4012692 ,
        0.38089486,  1.57653477]), array([0.34675824, 0.15374298, 0.44915035, 0.72358068, 0.88441742,
       0.38808589, 1.25140534, 1.32230676, 2.01105109, 1.65955338,
       0.12261067, 1.83481896]), array([ 0.40355454, -0.04740412,  0.65029745,  0.52243358,  0.68327032,
        0.18693879,  1.30820164,  1.26551045,  2.0678474 ,  1.71634969,
        0.06581437,  1.63367186]), array([0.14561114, 0.21053928, 0.39235404, 0.78037698, 0.94121372,
       0.44488219, 1.05025824, 1.52345386, 1.80990399, 1.45840628,
       0.32375777, 1.89161526]), array([0.38479376, 0.22896412, 0.3739292 , 0.79880182, 0.7020311 ,
       0.46330704, 1.28944085, 1.28427124, 1.79147915, 1.43998144,
       0.34218262, 1.9100401 ]), array([ 0.12718629, -0.02864334,  0.63153666,  0.54119436,  0.95963856,
        0.20569958,  1.03183339,  1.5418787 ,  2.04908661,  1.6975889 ,
        0.08457516,  1.65243264]), array([0.12597911, 0.22742571, 0.37546762, 0.79726341, 0.70356952,
       0.46176862, 1.03062621, 1.54308588, 2.05029379, 1.44151986,
       0.3406442 , 1.90850169]), array([ 0.38325534, -0.02985052,  0.63274384,  0.53998718,  0.96084575,
        0.2044924 ,  1.28790244,  1.28580966,  1.79301756,  1.69879608,
        0.08336798,  1.65122546]), array([0.18456304, 0.16884178, 0.43405154, 0.73867948, 1.01910302,
       0.4031847 , 1.34615971, 1.22755238, 1.99170986, 1.50010378,
       0.28206028, 1.84991776]), array([ 0.44151261, -0.08810779,  0.69100111,  0.48172991,  0.76215344,
        0.14623512,  1.08921014,  1.48450196,  1.73476029,  1.75705335,
        0.0251107 ,  1.59296819]), array([ 0.16911408, -0.07233665,  0.67522997,  0.49750105,  1.03455198,
        0.41863365,  1.10498128,  1.21210342,  2.00715882,  1.74128221,
        0.29750924,  1.60873933]), array([0.42574147, 0.18429074, 0.41860258, 0.75412844, 0.77792459,
       0.16200627, 1.36160867, 1.46873081, 1.75053144, 1.48465482,
       0.04088185, 1.86536672]), array([ 0.40221342, -0.09554686,  0.69844018,  0.7306004 ,  1.05776219,
        0.44184387,  1.33808062,  1.44520277,  1.77405948,  1.76449242,
        0.06440989,  1.58552912]), array([0.14590387, 0.1607627 , 0.44213063, 0.47429084, 0.80145264,
       0.18553431, 1.08177107, 1.18889321, 2.03036903, 1.50818287,
       0.32071945, 1.84183867]), array([0.4510789 , 0.11158362, 0.74730566, 0.77946587, 1.10662767,
       0.23471339, 1.3869461 , 1.49406825, 1.98118996, 1.8133579 ,
       0.01554441, 1.53666364]), array([ 0.19508295, -0.14441234,  0.4913097 ,  0.52346992,  0.85063171,
        0.49070935,  1.13095015,  1.23807229,  1.725194  ,  1.55736194,
        0.27154037,  1.7926596 ]), array([ 0.1547222 , -0.18477308,  0.70663546,  0.48310918,  1.06595746,
        0.53107009,  1.3462759 ,  1.45339804,  1.68483326,  1.5170012 ,
        0.31190111,  1.57733385]), array([0.4104087 , 0.07091341, 0.45094896, 0.73879567, 0.81027097,
       0.27538359, 1.09058941, 1.19771155, 1.94051975, 1.77268769,
       0.05621462, 1.83302034]), array([ 0.44099321, -0.15388313,  0.42036445,  0.51399912,  1.03506752,
        0.24479908,  1.0600049 ,  1.4225081 ,  1.71572321,  1.80327221,
        0.02563011,  1.60822379]), array([0.18561215, 0.10149792, 0.67574551, 0.76938018, 0.77968646,
       0.50018014, 1.31538595, 1.16712704, 1.97110426, 1.54789115,
       0.28101117, 1.86360485]), array([ 0.50792842, -0.22081835,  0.35342924,  0.44706391,  1.10200273,
        0.17786387,  0.99306968,  1.23436376,  1.90386755,  1.87020742,
        0.21377445,  1.79636813]), array([ 0.25284887,  0.03426121,  0.60850879,  0.70214346,  0.84692318,
        0.43294342,  1.24814924,  1.48944331,  1.64878799,  1.61512787,
       -0.0413051 ,  1.54128858]), array([ 0.33997762, -0.05286755,  0.26659816,  0.61501471,  0.93405193,
        0.34581467,  1.16102048,  1.40231456,  1.99069863,  1.70225662,
        0.04582365,  1.62841733]), array([ 0.5947595 , -0.30764943,  0.52138004,  0.36023283,  1.18883382,
        0.09103279,  0.9062386 ,  1.14753267,  1.73591674,  1.9570385 ,
        0.30060553,  1.88319922]), array([ 0.37845428, -0.0913442 ,  0.55956278,  0.32205009,  1.22701655,
        0.30733801,  0.86805587,  1.10934994,  1.69773401,  1.99522124,
        0.08430031,  1.66689399]), array([ 0.63294224, -0.34583216,  0.30507481,  0.57653805,  0.97252859,
        0.05285005,  1.12254383,  1.3638379 ,  1.95222197,  1.74073328,
        0.33878827,  1.92138195]), array([ 0.60399347, -0.06268571,  0.33402358,  0.2933916 ,  1.00147735,
        0.08179882,  0.83939737,  1.08069145,  1.92327321,  1.76968204,
        0.3098395 ,  1.6382355 ]), array([ 0.34979578, -0.3168834 ,  0.58822127,  0.54758929,  1.25567504,
        0.33599651,  1.09359506,  1.33488914,  1.66907552,  2.02387973,
        0.05564181,  1.89243319]), array([ 0.59318918, -0.32740099,  0.34482787,  0.30419589,  1.01228164,
        0.09260311,  0.85020166,  1.09149574,  1.91246892,  1.78048633,
        0.29903521,  1.90295078]), array([ 0.33927819, -0.07349   ,  0.59873886,  0.55810688,  1.26619263,
        0.3465141 ,  1.10411265,  1.34540673,  1.65855793,  2.03439732,
        0.04512422,  1.64903979]), array([ 0.57512626, -0.30933807,  0.36289079,  0.57588659,  1.28397234,
        0.3642938 ,  1.12189236,  1.36318643,  1.64077822,  2.05217702,
        0.28097229,  1.63126008]), array([ 0.32149849, -0.0557103 ,  0.61651856,  0.32225881,  1.03034456,
        0.11066603,  0.86826459,  1.10955866,  1.894406  ,  1.79854925,
        0.02734452,  1.88488785]), array([ 0.61935591, -0.10021975,  0.5720091 ,  0.62011624,  1.32820199,
        0.15517549,  0.91277404,  1.40741608,  1.59654857,  1.84305871,
        0.32520194,  1.58703043]), array([ 0.36600795, -0.35356772,  0.31866114,  0.36676827,  1.07485402,
        0.40852345,  1.16612201,  1.15406812,  1.84989654,  2.09640667,
        0.07185398,  1.8403784 ]), array([ 0.62523077, -0.34741639,  0.57788396,  0.3729196 ,  1.33407684,
        0.40237212,  1.15997068,  1.41329094,  1.8437452 ,  2.09025534,
        0.33107679,  1.83422706]), array([ 0.37215928, -0.0943449 ,  0.32481247,  0.62599109,  1.08100536,
        0.14930063,  0.90689919,  1.16021945,  1.59067372,  1.83718386,
        0.07800531,  1.58115558]), array([ 0.61747001, -0.33965563,  0.31732495,  0.38068036,  1.07351783,
        0.14181311,  0.89941167,  1.15273193,  1.58318619,  2.08249459,
        0.07051778,  1.57366805]), array([ 0.36467176, -0.08685738,  0.57012321,  0.63347862,  1.32631609,
        0.39461137,  1.15220992,  1.40553018,  1.83598445,  1.82969633,
        0.32331604,  1.82646631]), array([ 0.36070676, -0.3354206 ,  0.5740882 ,  0.63744361,  1.07775287,
        0.14604815,  0.9036467 ,  1.40949518,  1.58742123,  2.07825955,
        0.07475282,  1.57790309]), array([ 0.61323497, -0.08289238,  0.32155999,  0.3849154 ,  1.33028108,
        0.39857636,  1.15617492,  1.15696697,  1.83994945,  1.82573134,
        0.32728104,  1.8304313 ]), array([ 0.59549059, -0.35289805,  0.33930437,  0.40265978,  1.06027542,
        0.1285707 ,  1.13843053,  1.42697263,  1.56994378,  2.095737  ,
        0.30953665,  1.56042564]), array([ 0.34322931, -0.10063677,  0.59156565,  0.65492106,  1.3125367 ,
        0.38083198,  0.88616925,  1.17471135,  1.82220506,  1.84347572,
        0.05727537,  1.81268692]), array([ 0.5883715 , -0.09378157,  0.34642346,  0.66177626,  1.3193919 ,
        0.38768718,  1.13131144,  1.41985354,  1.82906026,  2.08861791,
        0.05042017,  1.81954212]), array([ 0.33637411, -0.34577896,  0.59842085,  0.40977887,  1.06739451,
        0.13568979,  0.87931405,  1.16785615,  1.57706287,  1.83662052,
        0.30241756,  1.56754473]), array([ 0.58911044, -0.09304263,  0.597421  ,  0.6625152 ,  1.32013084,
        0.13668963,  0.8803139 ,  1.42059248,  1.8297992 ,  2.08935685,
        0.04968123,  1.56854458]), array([ 0.33737396, -0.34477911,  0.34568452,  0.41077872,  1.06839436,
        0.38842611,  1.13205038,  1.168856  ,  1.57806272,  1.83762037,
        0.30141772,  1.82028106]), array([ 0.60633403, -0.07581903,  0.36316611,  0.42826031,  1.08587595,
        0.11946604,  1.11456879,  1.18633759,  1.59554431,  1.85510196,
        0.03245764,  1.80279947]), array([ 0.35485555, -0.32729752,  0.6146446 ,  0.67973879,  1.33735443,
        0.37094453,  0.86309031,  1.43781607,  1.84702279,  2.10658044,
        0.28393613,  1.55132098]), array([ 0.62839994, -0.30497647,  0.3411002 ,  0.65741774,  1.06381003,
        0.09740013,  1.1366347 ,  1.16427167,  1.82470174,  2.08425939,
        0.01039173,  1.57364204]), array([ 0.3771766 , -0.05375312,  0.59232355,  0.4061944 ,  1.31503338,
        0.34862347,  0.88541136,  1.41549502,  1.5734784 ,  1.83303605,
        0.26161507,  1.82486538]), array([ 0.61527479, -0.29185132,  0.35422535,  0.64429259,  1.32790618,
        0.36149627,  0.87253856,  1.17739683,  1.56060559,  1.82016324,
        0.27448788,  1.58676719]), array([ 0.3643038 , -0.04088032,  0.60519635,  0.39332159,  1.07693519,
        0.11052528,  1.12350955,  1.42836782,  1.81157659,  2.07113424,
        0.02351688,  1.83773818]), array([ 0.41463702, -0.34193493,  0.55486313,  0.6943762 ,  1.37798979,
        0.41157988,  0.82245495,  1.3780346 ,  1.51052198,  2.02080102,
        0.32457149,  1.53668358]), array([ 0.6653584 , -0.09121354,  0.30414174,  0.44365482,  1.12726841,
        0.1608585 ,  1.07317633,  1.12731322,  1.76124337,  1.77007963,
        0.0738501 ,  1.78740496]), array([ 0.40296233, -0.10313516,  0.56653781,  0.45557644,  1.38966448,
        0.42325457,  1.06125471,  1.13923484,  1.4988473 ,  2.0324757 ,
        0.08577172,  1.77548334]), array([ 0.65343678, -0.35360961,  0.31606336,  0.70605089,  1.13919003,
        0.17278012,  0.81078026,  1.38970929,  1.74932175,  1.78200125,
        0.33624617,  1.52500889]), array([ 0.66994666, -0.11988935,  0.54978362,  0.72256077,  1.12268015,
        0.40650038,  0.79427038,  1.15598903,  1.76583163,  2.01572151,
        0.10252591,  1.50849901]), array([ 0.41971652, -0.3701195 ,  0.29955348,  0.47233063,  1.37291029,
        0.15627024,  1.04450052,  1.40621917,  1.51560149,  1.76549137,
        0.35275606,  1.75872915]), array([ 0.39970045, -0.39013557,  0.27953741,  0.70230296,  1.14293796,
        0.38624258,  0.81452818,  1.17624683,  1.49558541,  1.99546371,
        0.12278372,  1.52875682]), array([ 0.64968885, -0.14014716,  0.52952582,  0.45231455,  1.39292636,
        0.13625417,  1.06451659,  1.42623524,  1.74557382,  1.7454753 ,
        0.37277213,  1.77874522]), array([ 0.65642768, -0.13340833,  0.28651545,  0.44557572,  1.149916  ,
        0.37926453,  0.82150623,  1.18322487,  1.50256345,  1.98848567,
        0.12976176,  1.53573486]), array([ 0.40667849, -0.38315753,  0.53626464,  0.69532492,  1.39966519,
        0.12951534,  1.07125542,  1.43297407,  1.75231265,  1.73873647,
        0.37951096,  1.78548405]), array([ 0.66738663, -0.37196184,  0.2755565 ,  0.68412923,  1.13895704,
        0.39022349,  0.81054727,  1.17226592,  1.74111696,  1.74993216,
        0.36831526,  1.77428836]), array([ 0.41787418, -0.12244938,  0.52506895,  0.43461677,  1.3884695 ,
        0.14071103,  1.06005973,  1.42177838,  1.4916045 ,  1.99944462,
        0.11880281,  1.5247759 ]), array([ 0.7099997 , -0.16529677,  0.23294343,  0.72674229,  1.09634398,
        0.43283655,  1.01721234,  1.37893099,  1.78373002,  1.70731909,
        0.41092833,  1.81690143]), array([ 0.46072156, -0.4145749 ,  0.48222157,  0.47746416,  1.34562212,
        0.18355842,  0.76793421,  1.12965286,  1.53445188,  1.95659723,
        0.16165019,  1.56762329]), array([ 0.68232685, -0.44201582,  0.50966248,  0.45002324,  1.37306303,
        0.1561175 ,  0.74049329,  1.35125814,  1.75605717,  1.73499195,
        0.13420928,  1.78922857]), array([ 0.43328065, -0.19296962,  0.26061628,  0.69906944,  1.12401683,
        0.4051637 ,  0.98953949,  1.10221194,  1.50701097,  1.98403815,
        0.38325548,  1.54018238]), array([ 0.7018132 , -0.46150217,  0.52914883,  0.67935348,  1.14373279,
        0.13663115,  0.96982353,  1.1219279 ,  1.77554352,  1.7155056 ,
        0.11472293,  1.80871492]), array([ 0.45299661, -0.21268558,  0.28033224,  0.43053689,  1.39254938,
        0.38544774,  0.72100694,  1.37074449,  1.52672693,  1.96432219,
        0.36353952,  1.55989834]), array([ 0.45662574, -0.46490398,  0.28396138,  0.68275529,  1.38892025,
        0.13322934,  0.97322534,  1.36711536,  1.77894533,  1.71210379,
        0.11132112,  1.56352747]), array([ 0.70521501, -0.21631471,  0.53255064,  0.43416603,  1.14033098,
        0.3818186 ,  0.72463608,  1.11852609,  1.53035607,  1.96069305,
        0.35991038,  1.81211674]), array([ 0.47603171, -0.44549801,  0.30336734,  0.41498514,  1.12115009,
        0.40099949,  0.95381937,  1.34770939,  1.51117518,  1.73150975,
        0.13072708,  1.58293344]), array([ 0.7243959 , -0.19713383,  0.55173153,  0.66334932,  1.36951428,
        0.15263531,  0.70545519,  1.0993452 ,  1.75953937,  1.97987394,
        0.37909127,  1.83129762]), array([ 0.47229141, -0.20109701,  0.54776835,  0.65938615,  1.11740979,
        0.40473979,  0.70941837,  1.10330838,  1.75557619,  1.72776945,
        0.12698678,  1.57919313]), array([ 0.72043272, -0.44923832,  0.29962704,  0.41124484,  1.3655511 ,
        0.15659848,  0.95755968,  1.35144969,  1.50743488,  1.97591076,
        0.37512809,  1.82733444]), array([ 0.48981143, -0.21861703,  0.28232773,  0.39394553,  1.13492982,
        0.38721977,  0.72693839,  1.368749  ,  1.49013557,  1.74528947,
        0.1445068 ,  1.84463375]), array([ 0.73773202, -0.46653762,  0.53024833,  0.64186612,  1.38285041,
        0.13929918,  0.97485898,  1.12082841,  1.73805616,  1.99321007,
        0.3924274 ,  1.59671316]), array([ 0.49005893, -0.21886452,  0.28257523,  0.64189502,  1.13517731,
        0.38697228,  0.72718589,  1.36850151,  1.49038306,  1.99323897,
        0.3924563 ,  1.84438626]), array([ 0.73776092, -0.46656652,  0.53027723,  0.39419302,  1.38287931,
        0.13927028,  0.97488788,  1.12079951,  1.73808506,  1.74553697,
        0.1447543 ,  1.59668426]), array([ 0.7065709 , -0.43537649,  0.4990872 ,  0.42538305,  1.35168928,
        0.41794579,  0.69621237,  1.15198954,  1.45940955,  1.776727  ,
        0.42342981,  1.87535977]), array([ 0.45908541, -0.18789101,  0.25160171,  0.67286854,  1.10420379,
        0.17046031,  0.94369786,  1.39947502,  1.70689504,  2.02421248,
        0.17594433,  1.62787429]), array([ 0.48862885, -0.21743445,  0.28114516,  0.6433251 ,  1.38101826,
        0.44727477,  0.91415441,  1.36993158,  1.43008057,  1.74739802,
        0.45275879,  1.65741773]), array([ 0.73589987, -0.46470547,  0.52841617,  0.39605408,  1.13374724,
        0.20000375,  0.66688339,  1.12266056,  1.67735159,  1.99466904,
        0.20548777,  1.90468875]), array([ 0.50540775, -0.23421335,  0.54498261,  0.37948764,  1.36423936,
        0.43049587,  0.65031695,  1.35315268,  1.44685947,  2.01123548,
        0.43597989,  1.67419662]), array([ 0.75246631, -0.48127191,  0.29792405,  0.6265462 ,  1.1171808 ,
        0.18343731,  0.89737552,  1.10609412,  1.69391803,  1.76417692,
        0.18892133,  1.92125519]), array([ 0.78363111, -0.26558863,  0.51360733,  0.657711  ,  1.33286408,
        0.39912059,  0.68169224,  1.3217774 ,  1.72508283,  1.97986019,
        0.40460461,  1.70557191]), array([ 0.53678303, -0.51243671,  0.26675925,  0.41086292,  1.086016  ,
        0.15227251,  0.92854032,  1.07492932,  1.47823475,  1.73301212,
        0.15775653,  1.95241999]), array([ 0.78164939, -0.51420988,  0.26498608,  0.40908975,  1.33088235,
        0.39713887,  0.93031349,  1.31979568,  1.72310111,  1.97787847,
        0.15598336,  1.95419316]), array([ 0.53500986, -0.26757035,  0.51162561,  0.65572928,  1.08424282,
        0.15049933,  0.68367396,  1.07315615,  1.47646158,  1.73123894,
        0.40262289,  1.70755363]), array([ 0.78019067, -0.51275117,  0.2664448 ,  0.65698135,  1.32942364,
        0.14924726,  0.68242188,  1.31833696,  1.72164239,  1.72998686,
        0.40387496,  1.70630155]), array([ 0.53375778, -0.26631828,  0.51287769,  0.41054846,  1.08299075,
        0.39568015,  0.92885477,  1.07190407,  1.4752095 ,  1.97641975,
        0.15744207,  1.95273444]), array([ 0.53373225, -0.51252087,  0.51290321,  0.65675106,  1.08296522,
        0.39570567,  0.68265218,  1.07187854,  1.47518397,  1.97644528,
        0.15741655,  1.95275997]), array([ 0.77996037, -0.26629275,  0.26667509,  0.41052294,  1.32919334,
        0.14947755,  0.9288803 ,  1.31810666,  1.72141209,  1.73021716,
        0.40364467,  1.70653185]), array([ 0.5233317 , -0.27689623,  0.27727858,  0.42112642,  1.07256466,
        0.40610623,  0.67225162,  1.06147799,  1.46478342,  1.74082065,
        0.14701599,  1.96316053]), array([ 0.76935689, -0.52292142,  0.52330377,  0.66715161,  1.31858985,
        0.16008104,  0.91827681,  1.30750317,  1.71080861,  1.98684584,
        0.39304118,  1.71713534]), array([ 0.56094616, -0.3145107 ,  0.31489305,  0.45874089,  1.11017913,
        0.36849176,  0.95569016,  1.34491652,  1.74822195,  1.77843511,
        0.43045453,  1.67972199]), array([ 0.80677023, -0.56033477,  0.56071712,  0.70456496,  1.3560032 ,
        0.12266769,  0.70986609,  1.09909245,  1.50239788,  2.02425918,
        0.18463046,  1.92554606]), array([ 0.80859965, -0.56216419,  0.56254654,  0.70639438,  1.1122079 ,
        0.366463  ,  0.95366139,  1.34288775,  1.50056846,  1.78046388,
        0.18280104,  1.92737548]), array([ 0.56297493, -0.31653947,  0.31692181,  0.46076966,  1.35783262,
        0.12083827,  0.70803667,  1.09726303,  1.74619319,  2.0260886 ,
        0.42842576,  1.68175076]), array([ 0.58678678, -0.34035132,  0.34073367,  0.48458151,  1.33402077,
        0.39007725,  0.97727565,  1.12107488,  1.4769542 ,  2.00227675,
        0.40461391,  1.70556261]), array([ 0.83221391, -0.58577845,  0.5861608 ,  0.73000864,  1.08859364,
        0.14465013,  0.73184852,  1.36650201,  1.72238133,  1.75684962,
        0.15918678,  1.95098974]), array([ 0.59068792, -0.58948372,  0.58986606,  0.7337139 ,  1.08488837,
        0.14094486,  0.97337451,  1.12497603,  1.48085534,  1.99837561,
        0.40071277,  1.70946375]), array([ 0.83591918, -0.34425246,  0.34463481,  0.48848265,  1.33011963,
        0.38617611,  0.72814326,  1.37020728,  1.7260866 ,  1.75314436,
        0.15548151,  1.954695  ]), array([ 0.61876933, -0.56140231,  0.56178465,  0.46059543,  1.11296978,
        0.16902627,  0.70025604,  1.15305743,  1.50893675,  1.9702942 ,
        0.37263136,  1.73754516]), array([ 0.8638064 , -0.31636524,  0.31674759,  0.7056325 ,  1.35800685,
        0.41406333,  0.9452931 ,  1.3980945 ,  1.75397382,  1.72525714,
        0.12759429,  1.98258222]), array([ 0.61190923, -0.56826241,  0.56864475,  0.45373533,  1.10610968,
        0.40701071,  0.93824048,  1.39104187,  1.74692119,  1.73230976,
        0.13464692,  1.9755296 ]), array([ 0.85675377, -0.32341787,  0.32380021,  0.69857988,  1.35095422,
        0.16216617,  0.69339594,  1.14619733,  1.50207665,  1.9771543 ,
        0.37949146,  1.73068506]), array([ 0.87425125, -0.55057404,  0.55095639,  0.71607736,  1.12379805,
        0.14466869,  0.92055211,  1.37335351,  1.72923283,  1.74999813,
        0.39698894,  1.95784123]), array([ 0.6295976 , -0.30592038,  0.30630273,  0.4714237 ,  1.3684517 ,
        0.38932234,  0.67589846,  1.12869985,  1.48457917,  1.99465179,
        0.15233528,  1.71318757]), array([ 0.87278045, -0.30463886,  0.54948558,  0.71460656,  1.36973323,
        0.14613949,  0.91908131,  1.12741832,  1.48329764,  1.99593331,
        0.15105376,  1.71190605]), array([ 0.62831607, -0.54910324,  0.3050212 ,  0.47014217,  1.12526885,
        0.39060387,  0.67461693,  1.37188271,  1.72776202,  1.75146893,
        0.39551814,  1.95637043]), array([ 0.86463831, -0.55705769,  0.54134344,  0.46218773,  1.1173144 ,
        0.15428163,  0.66666248,  1.13556046,  1.49143978,  1.98779117,
        0.40347259,  1.96432488]), array([ 0.62036162, -0.312781  ,  0.29706676,  0.70646442,  1.36159109,
        0.39855832,  0.91093917,  1.37983715,  1.73571647,  1.74351448,
        0.1591959 ,  1.72004819]), array([ 0.85660787, -0.54902724,  0.28922244,  0.71430873,  1.3694354 ,
        0.40640263,  0.67469293,  1.14359091,  1.74356079,  1.73567017,
        0.15135159,  1.95629443]), array([ 0.61251731, -0.30493669,  0.533313  ,  0.47021817,  1.12534485,
        0.16231207,  0.91878349,  1.38768147,  1.49947023,  1.97976072,
        0.39544214,  1.71220388]), array([ 0.60925473, -0.54558006,  0.53657558,  0.46695559,  1.12208226,
        0.15904949,  0.92204607,  1.39094405,  1.74011361,  1.98302331,
        0.39870472,  1.95284725]), array([ 0.85316069, -0.3016741 ,  0.29266962,  0.71086155,  1.36598822,
        0.40295545,  0.67814011,  1.14703809,  1.49620765,  1.73911735,
        0.15479877,  1.7089413 ]), array([ 0.61936993, -0.53546486,  0.52646038,  0.47707079,  1.13219747,
        0.16916469,  0.668208  ,  1.38082885,  1.48627554,  1.9729081 ,
        0.14486665,  1.69900918]), array([ 0.8630928 , -0.29174199,  0.28273751,  0.72079366,  1.37592033,
        0.41288756,  0.91193087,  1.13710598,  1.7299984 ,  1.72918524,
        0.38858952,  1.94273205]), array([ 0.59866734, -0.31262618,  0.54716297,  0.69990947,  1.35503614,
        0.1484621 ,  0.6475054 ,  1.40153144,  1.46557294,  1.9936107 ,
        0.36770533,  1.92184786]), array([ 0.84220861, -0.55616745,  0.3036217 ,  0.4563682 ,  1.11149487,
        0.39200337,  0.89104667,  1.15799017,  1.70911421,  1.75006943,
        0.12416406,  1.67830659]), array([ 0.83654529, -0.30714301,  0.55264615,  0.46203151,  1.11715819,
        0.38634005,  0.64202223,  1.40701462,  1.7034509 ,  1.75573274,
        0.12982738,  1.92733103]), array([ 0.59318416, -0.55050414,  0.30928502,  0.70539265,  1.36051932,
        0.14297892,  0.88538336,  1.16365348,  1.46008977,  1.99909387,
        0.37318851,  1.6839699 ]), array([ 0.63194369, -0.51174461,  0.34804455,  0.42345068,  1.07857735,
        0.18173846,  0.84662383,  1.44559545,  1.74203173,  1.71715191,
        0.09124654,  1.96591187]), array([ 0.87512613, -0.26856217,  0.59122698,  0.66663311,  1.32175979,
        0.42492089,  0.60344139,  1.20241302,  1.4988493 ,  1.96033434,
        0.33442898,  1.72272944]), array([ 0.98611929, -0.40057417,  0.45921499,  0.53462112,  1.18974779,
        0.53591406,  0.73545339,  1.33442501,  1.6308613 ,  1.82832234,
        0.20241698,  1.85474143]), array([ 0.74311413, -0.15756901,  0.70222015,  0.77762628,  1.43275295,
        0.29290889,  0.49244823,  1.09141985,  1.38785614,  2.0713275 ,
        0.44542214,  1.61173627]), array([ 0.99841747, -0.17004306,  0.44691681,  0.52232294,  1.17744962,
        0.30538295,  0.50492228,  1.34672319,  1.40033019,  2.05885345,
        0.43294809,  1.86703961]), array([ 0.75558818, -0.41287234,  0.6897461 ,  0.76515223,  1.4202789 ,
        0.54821223,  0.74775156,  1.1038939 ,  1.64315947,  1.81602417,
        0.1901188 ,  1.62421032]), array([ 1.02068156, -0.14777896,  0.6673075 ,  0.50005884,  1.3978403 ,
        0.28311885,  0.48265818,  1.36898729,  1.37806609,  2.08111755,
        0.2125574 ,  1.8893037 ]), array([ 0.77802678, -0.39043375,  0.42465272,  0.74271363,  1.15518552,
        0.52577363,  0.72531297,  1.1263325 ,  1.62072087,  1.83846277,
        0.45521218,  1.64664892]), array([ 1.0238043 , -0.38713787,  0.67043023,  0.73941776,  1.40096303,
        0.52247776,  0.47953545,  1.12962837,  1.617425  ,  2.08424028,
        0.45191631,  1.89242644]), array([ 0.78132265, -0.14465623,  0.42794859,  0.49693611,  1.15848139,
        0.27999612,  0.72201709,  1.37211002,  1.37494336,  1.84175864,
        0.20943467,  1.64994479]), array([ 0.76255539, -0.12588897,  0.40918132,  0.72047869,  1.13971413,
        0.26122886,  0.74078436,  1.39087728,  1.3561761 ,  1.82299137,
        0.19066741,  1.63117753]), array([ 1.00486523, -0.36819881,  0.65149117,  0.47816885,  1.38202397,
        0.5035387 ,  0.49847452,  1.14856744,  1.59848594,  2.06530121,
        0.43297725,  1.87348737]), array([ 0.77112085, -0.37659378,  0.41774679,  0.46977388,  1.14827959,
        0.26979432,  0.49007954,  1.38231182,  1.36474156,  1.83155684,
        0.19923287,  1.63974299]), array([ 1.0132602 , -0.13445443,  0.65988614,  0.71191323,  1.39041894,
        0.51193367,  0.7322189 ,  1.14017246,  1.60688091,  2.07369619,
        0.44137222,  1.88188234]), array([ 0.99130083, -0.15641381,  0.63792676,  0.44798369,  1.1264894 ,
        0.4899743 ,  0.46828935,  1.40410201,  1.58492154,  1.80976665,
        0.17744268,  1.85992297]), array([ 0.74933066, -0.39838397,  0.3959566 ,  0.68995385,  1.36845957,
        0.24800413,  0.71025952,  1.16213184,  1.34295137,  2.05173681,
        0.41941285,  1.6179528 ]), array([ 0.99992594, -0.38959096,  0.64655187,  0.68116084,  1.11786429,
        0.4985994 ,  0.45966424,  1.41272712,  1.35174439,  2.0429438 ,
        0.41061983,  1.62674582]), array([ 0.75812368, -0.1477887 ,  0.40474962,  0.43935858,  1.35966655,
        0.25679715,  0.7014665 ,  1.17092486,  1.59354664,  1.80114154,
        0.16881757,  1.86854808]), array([ 0.9960462 , -0.38571122,  0.40103653,  0.6772811 ,  1.12174402,
        0.25308406,  0.46354398,  1.16721177,  1.35562412,  2.03906406,
        0.40674009,  1.87226117]), array([ 0.75441059, -0.14407561,  0.64267214,  0.43564549,  1.36337964,
        0.49471967,  0.70517959,  1.40884738,  1.59725973,  1.79742845,
        0.16510448,  1.63062555]), array([ 0.94932946, -0.33899448,  0.44775327,  0.63056436,  1.16846077,
        0.54127101,  0.75173093,  1.45539872,  1.64381107,  1.75087711,
        0.11855314,  1.58407421]), array([ 0.70785925, -0.09752427,  0.68922348,  0.38909415,  1.40993098,
        0.2998008 ,  0.51026072,  1.21392851,  1.40234086,  1.99234732,
        0.36002335,  1.82554442]), array([ 0.96181929, -0.35148431,  0.43526344,  0.40174816,  1.39727697,
        0.55376084,  0.52291473,  1.46788855,  1.41499487,  1.97969331,
        0.10606331,  1.81289041]), array([ 0.72051326, -0.11017828,  0.67656947,  0.64305419,  1.15597093,
        0.31245481,  0.76422076,  1.22658252,  1.65630091,  1.73838728,
        0.34736934,  1.57158438]), array([ 0.75933461, -0.14899962,  0.39660506,  0.36308978,  1.19479228,
        0.59241922,  0.48425635,  1.50654693,  1.3763365 ,  2.01835168,
        0.308548  ,  1.85154879]), array([ 1.00047767, -0.39014269,  0.63774812,  0.60423285,  1.43593534,
        0.35127616,  0.72539942,  1.26540387,  1.61747956,  1.77720862,
        0.06740493,  1.61040572]), array([ 1.01586036, -0.40552538,  0.65313081,  0.37863425,  1.45131803,
        0.57687475,  0.74078211,  1.25002118,  1.63286225,  2.00280722,
        0.29300353,  1.83600432]), array([ 0.77487907, -0.16454409,  0.41214953,  0.61961554,  1.21033674,
        0.33589347,  0.49980082,  1.49100246,  1.39188097,  1.76182593,
        0.05202224,  1.59502303]), array([ 0.76938187, -0.39986757,  0.40665232,  0.38429206,  1.20483954,
        0.33039626,  0.49430362,  1.25567898,  1.38638376,  1.99714941,
        0.28734572,  1.58952583]), array([ 1.01020255, -0.15904689,  0.64747301,  0.62511274,  1.44566023,
        0.57121695,  0.7351243 ,  1.49649967,  1.62720445,  1.75632873,
        0.04652504,  1.83034651]), array([ 0.80495003, -0.12363816,  0.44222049,  0.41986022,  1.48106895,
        0.60662567,  0.77053302,  1.53190839,  1.66261317,  1.72092   ,
        0.01111631,  1.86575524]), array([ 1.04561128, -0.36429941,  0.68288173,  0.66052147,  1.2404077 ,
        0.36596443,  0.52987178,  1.29124715,  1.42195192,  1.96158125,
        0.25177756,  1.62509399]), array([ 1.04849649, -0.12668168,  0.445264  ,  0.66340668,  1.47802543,
        0.60358215,  0.76748951,  1.52886487,  1.65956965,  1.96446646,
        0.25466278,  1.62220877]), array([ 0.80799355, -0.36718463,  0.68576695,  0.42290374,  1.23752249,
        0.36307921,  0.52698656,  1.28836193,  1.41906671,  1.72396352,
        0.01415983,  1.86271172]), array([ 7.95596513e-01, -1.39235890e-01,  4.57818210e-01,  6.50852476e-01,
        1.46547122e+00,  5.91027944e-01,  5.14589526e-01,  1.27596489e+00,
        1.64701544e+00,  1.71156648e+00,  1.76279403e-03,  1.87510876e+00]), array([ 1.03594229, -0.37958166,  0.69816398,  0.4105067 ,  1.22512545,
        0.35068217,  0.7549353 ,  1.51631067,  1.40666967,  1.95191226,
        0.24210857,  1.63476298]), array([ 0.79916997, -0.14280935,  0.46139167,  0.4070893 ,  1.22170805,
        0.58745449,  0.7583527 ,  1.27953835,  1.40325227,  1.95532965,
        0.24552597,  1.63134558]), array([ 1.03935968, -0.38299906,  0.70158138,  0.64727902,  1.46189777,
        0.34726477,  0.51816298,  1.51972806,  1.64344199,  1.71513994,
        0.00533625,  1.8715353 ]), array([ 1.06804313, -0.41168251,  0.73026483,  0.67596247,  1.49058121,
        0.31858133,  0.72951429,  1.54841151,  1.43209068,  1.92649125,
        0.21668756,  1.66018399]), array([ 0.82800838, -0.17164775,  0.49023007,  0.43592771,  1.25054646,
        0.55861608,  0.48947954,  1.30837676,  1.67212543,  1.68645649,
       -0.0233472 ,  1.90021875]), array([ 1.0989757 , -0.2027342 ,  0.52131652,  0.46701415,  1.2816329 ,
        0.52752964,  0.52056598,  1.3394632 ,  1.64103899,  1.95742381,
        0.00773925,  1.8691323 ]), array([ 0.85909482, -0.44261507,  0.76119739,  0.70689503,  1.52151378,
        0.28764876,  0.76044685,  1.57934407,  1.40115812,  1.71754294,
        0.24762012,  1.62925143]), array([ 1.12211859, -0.41931937,  0.49817362,  0.44387126,  1.25849001,
        0.55067253,  0.73715115,  1.55604837,  1.66418189,  1.74083864,
       -0.01540365,  1.65254713]), array([ 0.88239052, -0.1795913 ,  0.73790169,  0.68359933,  1.49821807,
        0.31094447,  0.49742308,  1.3163203 ,  1.42445382,  1.98056671,
        0.22432442,  1.8922752 ]), array([ 1.10965929, -0.16728376,  0.51063292,  0.45633056,  1.51052562,
        0.53821323,  0.72469185,  1.30401276,  1.65172259,  1.75329794,
        0.23663196,  1.90458274]), array([ 0.87008298, -0.40686007,  0.75020923,  0.69590687,  1.27094931,
        0.29863692,  0.48511554,  1.54358907,  1.41214628,  1.99287425,
       -0.00294435,  1.66500643]), array([ 1.11186095, -0.4045077 ,  0.50843127,  0.4541289 ,  1.27330168,
        0.30098929,  0.48746791,  1.5412367 ,  1.41449865,  1.75109628,
        0.23883362,  1.6673588 ]), array([ 8.72435349e-01, -1.65082100e-01,  7.47856863e-01,  6.93554500e-01,
        1.51272727e+00,  5.40414888e-01,  7.26893506e-01,  1.30181110e+00,
        1.65392424e+00,  1.99052188e+00, -5.91977398e-04,  1.90678440e+00]), array([ 1.10893108, -0.16230192,  0.51136114,  0.45705877,  1.51550746,
        0.30391916,  0.49039778,  1.53830683,  1.65670443,  1.99330206,
       -0.00337216,  1.67028867]), array([ 0.86965517, -0.40157783,  0.75063705,  0.69633468,  1.27623155,
        0.54319507,  0.72967369,  1.29903092,  1.41742852,  1.75402615,
        0.23590375,  1.90956458]), array([ 0.86433744, -0.40689555,  0.75595477,  0.70165241,  1.51004106,
        0.5485128 ,  0.73499142,  1.53284043,  1.65123802,  1.74870843,
        0.00209424,  1.91488231]), array([ 1.10346467, -0.16776832,  0.51682754,  0.46252518,  1.27091382,
        0.30938556,  0.49586418,  1.29371319,  1.41211079,  1.98783566,
        0.24122148,  1.67575507]), array([ 0.87523088, -0.39600212,  0.50608177,  0.45177941,  1.26016806,
        0.53761936,  0.48511842,  1.28296743,  1.64034459,  1.75960186,
        0.01298768,  1.90398887]), array([ 1.11421044, -0.15702255,  0.74506134,  0.69075897,  1.49914762,
        0.2986398 ,  0.72409798,  1.52194699,  1.40136502,  1.99858143,
        0.25196724,  1.66500931]), array([ 1.08261726, -0.18861573,  0.71346816,  0.42033292,  1.46755444,
        0.33023298,  0.6925048 ,  1.25152093,  1.4329582 ,  1.96698825,
       -0.01845882,  1.93543537]), array([ 0.84378438, -0.42744861,  0.47463528,  0.65916579,  1.22872156,
        0.56906585,  0.45367192,  1.49035381,  1.67179108,  1.72815537,
        0.22037406,  1.69660249]), array([ 1.07371788, -0.19751511,  0.70456878,  0.66791947,  1.45865506,
        0.33913236,  0.44491825,  1.26042031,  1.68054475,  1.7194017 ,
        0.22912773,  1.68784882]), array([ 0.83503071, -0.43620228,  0.46588161,  0.4292323 ,  1.21996789,
        0.57781953,  0.68360542,  1.49910748,  1.44185758,  1.95808887,
       -0.00955944,  1.92653599]), array([ 0.82442556, -0.44680743,  0.69381888,  0.65716957,  1.20936274,
        0.34988225,  0.45566815,  1.50971264,  1.66979485,  1.7301516 ,
        0.21837784,  1.93714114]), array([ 1.06296798, -0.20826501,  0.45527645,  0.41862714,  1.44790516,
        0.58842468,  0.69421057,  1.27117021,  1.43125243,  1.96869402,
       -0.02016459,  1.69859872]), array([ 0.94522857, -0.56440305,  0.57301586,  0.53636655,  1.09176712,
        0.23228664,  0.33807253,  1.62730825,  1.78739047,  1.85095461,
        0.09757482,  1.81633812]), array([ 0.70682994, -0.32600442,  0.81141449,  0.77476518,  1.33016575,
        0.47068527,  0.57647116,  1.38890962,  1.54899184,  1.61255598,
        0.33597345,  2.05473675]), array([ 0.71820303, -0.33737751,  0.56178563,  0.52513632,  1.31879267,
        0.45931218,  0.3268423 ,  1.40028271,  1.7986207 ,  1.86218484,
        0.08634459,  2.04336367]), array([ 0.9564588 , -0.57563328,  0.80004141,  0.7633921 ,  1.08053689,
        0.22105641,  0.56509808,  1.63853848,  1.56036492,  1.62392907,
        0.32460037,  1.80510789]), array([ 0.73150677, -0.5887951 ,  0.81320322,  0.53844007,  1.30548892,
        0.44600844,  0.57825989,  1.6517003 ,  1.78531695,  1.8488811 ,
        0.33776218,  1.79194608]), array([ 0.96962062, -0.35068125,  0.57508938,  0.77655391,  1.06737508,
        0.20789459,  0.34014605,  1.41358645,  1.54720311,  1.61076725,
        0.09964834,  2.03005992]), array([ 0.98302744, -0.57524726,  0.56168255,  0.5519879 ,  1.29194109,
        0.19448777,  0.56471206,  1.63815246,  1.77176912,  1.59736043,
        0.08624151,  2.04346675]), array([ 0.74505461, -0.33727443,  0.79965539,  0.78996074,  1.05396825,
        0.4324606 ,  0.32673922,  1.40017963,  1.53379628,  1.83533326,
        0.32421435,  1.80549391]), array([ 0.74867576, -0.57872831,  0.79603423,  0.78633958,  1.05758941,
        0.42883945,  0.33036038,  1.40380078,  1.53741744,  1.83171211,
        0.32059319,  2.0469478 ]), array([ 0.98650849, -0.34089558,  0.5582015 ,  0.54850685,  1.29542213,
        0.19100672,  0.56819311,  1.64163351,  1.77525017,  1.59387938,
        0.08276046,  1.80911507]), array([ 0.75848522, -0.33122534,  0.78622478,  0.53883662,  1.30509237,
        0.41903   ,  0.57786335,  1.41361023,  1.54722689,  1.82190266,
        0.07309022,  1.79944483]), array([ 0.99617873, -0.56891886,  0.54853127,  0.77653013,  1.06739886,
        0.18133648,  0.34016983,  1.65130375,  1.7849204 ,  1.58420914,
        0.31078374,  2.03713835]), array([ 0.99806035, -0.57080048,  0.78420484,  0.54085656,  1.06551724,
        0.41701005,  0.33828821,  1.41563018,  1.54924683,  1.58232752,
        0.31266536,  1.80146478]), array([ 0.76050516, -0.33324529,  0.54664965,  0.77841175,  1.30307243,
        0.17945486,  0.5758434 ,  1.65318537,  1.78680202,  1.81988271,
        0.07511017,  2.03901996]), array([ 1.00222007, -0.5749602 ,  0.78836456,  0.53669684,  1.29877525,
        0.18375204,  0.57154622,  1.64888819,  1.78250484,  1.81558553,
        0.07940735,  2.03472279]), array([ 0.76480234, -0.33754247,  0.55094683,  0.77411457,  1.06135752,
        0.42116977,  0.33412849,  1.41147046,  1.54508711,  1.5781678 ,
        0.31682508,  1.79730506]), array([ 0.99790592, -0.33336492,  0.78405041,  0.54101099,  1.2944611 ,
        0.18806619,  0.56723208,  1.40729291,  1.54090956,  1.81127139,
        0.08372149,  2.03040864]), array([ 0.76062479, -0.57064605,  0.54676928,  0.77829212,  1.05717997,
        0.42534732,  0.32995094,  1.64457404,  1.7781907 ,  1.57399025,
        0.32100263,  1.79312751]), array([ 0.76723696, -0.32688848,  0.79052684,  0.77167995,  1.06379214,
        0.18158975,  0.57370851,  1.63796187,  1.53443313,  1.81774782,
        0.07724506,  2.03688507]), array([ 1.00438236, -0.56403388,  0.55338145,  0.53453456,  1.30093754,
        0.41873515,  0.33656312,  1.40081648,  1.77157853,  1.58060243,
        0.31439045,  1.79973968]), array([ 0.9965496 , -0.55620112,  0.7982247 ,  0.77937781,  1.29310477,
        0.41090239,  0.34439588,  1.40864924,  1.76374577,  1.82544568,
        0.0695472 ,  2.04458293]), array([ 0.7595391 , -0.31919063,  0.56121421,  0.54236732,  1.05609428,
        0.1738919 ,  0.58140637,  1.64565973,  1.52673528,  1.58843519,
        0.30655769,  1.80757244]), array([ 1.00009758, -0.5597491 ,  0.80177268,  0.78292579,  1.29665276,
        0.17757395,  0.57772431,  1.40510126,  1.76729375,  1.82899366,
        0.06599922,  1.81125449]), array([ 0.76322116, -0.32287268,  0.56489626,  0.54604937,  1.05977634,
        0.41445037,  0.34084789,  1.64197768,  1.53041733,  1.59211724,
        0.30287564,  2.04813092]), array([ 0.77768106, -0.33733258,  0.81609934,  0.56050927,  1.31097941,
        0.1632473 ,  0.59205097,  1.3907746 ,  1.54487723,  1.84332031,
        0.28841574,  1.79692784]), array([ 1.01442423, -0.57407575,  0.57935616,  0.79725244,  1.07423623,
        0.39999047,  0.35530779,  1.62751778,  1.7816204 ,  1.60657714,
        0.05167257,  2.03367102]), array([ 0.77468529, -0.57094755,  0.58248436,  0.5575135 ,  1.31397518,
        0.39686227,  0.59504673,  1.62438958,  1.54188146,  1.60970534,
        0.05480077,  2.03054281]), array([ 1.01129603, -0.33433681,  0.81909511,  0.79412424,  1.07736444,
        0.16025153,  0.35843599,  1.38777884,  1.7784922 ,  1.84631608,
        0.29141151,  1.79393207]), array([ 0.80099442, -0.54463842,  0.60879349,  0.58382263,  1.28766605,
        0.37055314,  0.3322585 ,  1.36160134,  1.56819059,  1.63601447,
        0.31758901,  2.00423369]), array([ 1.03747352, -0.30815931,  0.8452726 ,  0.82030174,  1.05118694,
        0.13407403,  0.56873761,  1.59808045,  1.8046697 ,  1.87249358,
        0.0811099 ,  1.76775458]), array([ 1.02635219, -0.55562892,  0.597803  ,  0.57283213,  1.29865655,
        0.38154364,  0.55761627,  1.58695911,  1.79354836,  1.86137224,
        0.09223123,  2.01522418]), array([ 0.79000392, -0.31928065,  0.83415127,  0.8091804 ,  1.06230828,
        0.14519537,  0.321268  ,  1.35061084,  1.55720009,  1.62502397,
        0.32857951,  1.77887591]), array([ 1.04644667, -0.5757234 ,  0.81392674,  0.55273765,  1.08253281,
        0.1654199 ,  0.57771075,  1.37083537,  1.57742462,  1.88146672,
        0.07213676,  2.03531866]), array([ 0.81022845, -0.33950518,  0.57770852,  0.78895587,  1.31875102,
        0.40163812,  0.34149253,  1.60705359,  1.81364284,  1.6452485 ,
        0.30835498,  1.79910044]), array([ 0.79269   , -0.55805567,  0.56017007,  0.80649432,  1.33628947,
        0.18308762,  0.56004302,  1.62459204,  1.83118129,  1.62771005,
        0.32589342,  1.78156199]), array([ 1.02877894, -0.32196673,  0.79625901,  0.57040538,  1.10020053,
        0.41917656,  0.32395408,  1.3885031 ,  1.59509234,  1.863799  ,
        0.08980448,  2.01765094]), array([ 1.04397323, -0.54273287,  0.57549287,  0.55521109,  1.08500624,
        0.43437086,  0.54472022,  1.60926924,  1.57989805,  1.87899329,
        0.07461019,  2.03284523]), array([ 0.8080128 , -0.30677244,  0.8114533 ,  0.79117152,  1.32096667,
        0.19841042,  0.30875979,  1.3733088 ,  1.81585848,  1.64303286,
        0.31057062,  1.7968848 ]), array([ 1.05600317, -0.55476281,  0.79929562,  0.54318115,  1.30880898,
        0.21056811,  0.32091748,  1.38546649,  1.8037008 ,  1.89102323,
        0.06258025,  2.04487517]), array([ 0.82017049, -0.31893013,  0.56346293,  0.77901383,  1.0729763 ,
        0.44640079,  0.55675016,  1.62129917,  1.56786811,  1.65519054,
        0.29841293,  1.80904248]), array([ 1.07110754, -0.3341615 ,  0.81439998,  0.76378246,  1.32391335,
        0.43116942,  0.30581311,  1.6060678 ,  1.58309948,  1.67042191,
        0.04747588,  1.82427385]), array([ 0.83540186, -0.56986718,  0.5786943 ,  0.52807678,  1.08820767,
        0.19546374,  0.54151879,  1.37036212,  1.81880516,  1.90612759,
        0.28318156,  2.05997954]), array([ 0.81717437, -0.35251525,  0.56046681,  0.7454287 ,  1.06998018,
        0.41281567,  0.55974628,  1.58771405,  1.60145324,  1.68877567,
        0.30140906,  2.07820703]), array([ 1.05275379, -0.58809467,  0.79604623,  0.50984928,  1.3055596 ,
        0.17723625,  0.32416686,  1.35213463,  1.83703266,  1.92435509,
        0.06582964,  1.84262761]), array([ 1.04843559, -0.58377647,  0.79172803,  0.51416748,  1.0657875 ,
        0.18155445,  0.56393896,  1.35645283,  1.59726057,  1.684583  ,
        0.07014783,  2.0823997 ]), array([ 0.8129817 , -0.34832258,  0.55627414,  0.74962138,  1.3012414 ,
        0.41700834,  0.32848506,  1.59190672,  1.83271446,  1.92003689,
        0.30560173,  1.84694581]), array([ 1.07016562, -0.37017741,  0.57812897,  0.72776655,  1.04405748,
        0.15982442,  0.58566898,  1.57005189,  1.57553054,  1.89818206,
        0.2837469 ,  1.86880064]), array([ 0.83483653, -0.6055065 ,  0.81345806,  0.49243745,  1.27938657,
        0.39515351,  0.35033989,  1.3347228 ,  1.81085963,  1.66285297,
        0.0484178 ,  2.10412973]), array([ 0.87327836, -0.56706467,  0.77501623,  0.7660843 ,  1.24094473,
        0.35671168,  0.62398674,  1.60836964,  1.7724178 ,  1.93649981,
        0.08685964,  1.83048289]), array([ 1.10848337, -0.33185966,  0.53981122,  0.53087929,  1.00573972,
        0.12150667,  0.38878173,  1.37316463,  1.53721279,  1.7012948 ,
        0.32206465,  2.0656879 ]), array([ 1.1117067 , -0.32863633,  0.77166953,  0.52765596,  1.23759803,
        0.35336498,  0.62064004,  1.36994131,  1.7690711 ,  1.93315311,
        0.32528797,  1.83382959]), array([ 0.87662506, -0.56371797,  0.53658789,  0.7627376 ,  1.0025164 ,
        0.11828334,  0.3855584 ,  1.60502294,  1.53398946,  1.69807148,
        0.09020634,  2.06891122]), array([ 0.87670196, -0.32868211,  0.53666479,  0.7626607 ,  1.23755226,
        0.11836024,  0.62059426,  1.60494605,  1.76902532,  1.93310734,
        0.09028323,  2.06883433]), array([ 1.11166092, -0.56364107,  0.77162375,  0.52770174,  1.00259329,
        0.3533192 ,  0.3856353 ,  1.36998708,  1.53406636,  1.69814837,
        0.3252422 ,  1.83387536]), array([ 0.84560568, -0.29758584,  0.50556851,  0.55891999,  1.26864853,
        0.32210095,  0.41685355,  1.40120534,  1.80012159,  1.96420361,
        0.29402395,  1.86509362]), array([ 1.08044267, -0.53242282,  0.7404055 ,  0.79375698,  1.03381155,
        0.08726396,  0.65169053,  1.63604232,  1.56528461,  1.72936663,
        0.05918696,  2.0999306 ]), array([ 1.06891995, -0.28618441,  0.49416709,  0.54751857,  1.04533426,
        0.09878668,  0.64016782,  1.62451961,  1.81152302,  1.97560503,
        0.30542537,  1.85369219]), array([ 0.83420426, -0.52090011,  0.72888278,  0.78223426,  1.28004995,
        0.33350237,  0.40545212,  1.38980391,  1.57680732,  1.74088934,
        0.07070968,  2.08840789]), array([ 1.05077211, -0.30433225,  0.51231493,  0.5656664 ,  1.0634821 ,
        0.35152959,  0.3874249 ,  1.60637177,  1.5587801 ,  1.9574572 ,
        0.05268245,  1.87184003]), array([ 0.81617703, -0.53892733,  0.74691001,  0.80026149,  1.29807718,
        0.11693451,  0.62201998,  1.37177669,  1.79337518,  1.72286212,
        0.28727753,  2.10643511]), array([ 0.83713379, -0.51797057,  0.72595325,  0.54482958,  1.04264528,
        0.13789127,  0.36658808,  1.62720859,  1.77241842,  1.74381888,
        0.26632077,  2.08547835]), array([ 1.07160893, -0.28349543,  0.49147811,  0.77930473,  1.27712042,
        0.37236642,  0.60106322,  1.39273345,  1.53794328,  1.97829402,
        0.03184563,  1.85100321]), array([ 0.79576978, -0.32497871,  0.76731726,  0.73782144,  1.00128127,
        0.09652727,  0.32522407,  1.6685726 ,  1.57942656,  1.93681073,
        0.30768478,  1.89248649]), array([ 1.03012565, -0.55933458,  0.53296139,  0.50346558,  1.23563714,
        0.33088313,  0.55957994,  1.43421673,  1.81378243,  1.70245487,
        0.07332891,  2.12684236]), array([ 0.79309174, -0.55653792,  0.7699953 ,  0.50626223,  1.23284048,
        0.09384923,  0.55678328,  1.43701339,  1.57674852,  1.93948877,
        0.07612557,  1.88980845]), array([ 1.027329  , -0.32230067,  0.53575804,  0.74049948,  0.99860323,
        0.32808648,  0.32254603,  1.67125064,  1.81098577,  1.70525152,
        0.31036282,  2.1240457 ]), array([ 0.92080797, -0.4288217 ,  0.64227907,  0.63397846,  1.10512425,
        0.22156545,  0.42906705,  1.56472961,  1.70446475,  1.81177255,
        0.2038418 ,  2.01752468])]","[163.99238423483516, 168.81584041743537, 165.98581329352083, 166.16605097341971, 166.37875252907094, 167.75696166790198, 165.3496866111016, 168.57711168135322, 167.9143731351054, 165.05821332012607, 166.59942358888455, 168.20874107098916, 166.76588333840377, 170.85900781309257, 167.69582280307867, 163.76920743549516, 164.11617779815055, 169.12416051698932, 165.18216664349404, 165.70088745785608, 168.54946509215216, 159.31827810897983, 167.92273450160724, 162.93960098924586, 170.31334463517135, 167.86406872230614, 162.1179676458564, 170.04732229613342, 160.43993008741123, 171.23229865816404, 162.90142653442322, 165.20735393434833, 164.39714942799725, 166.6518297590478, 160.99709900696374, 166.62543199048275, 170.6291978853169, 163.13053138258454, 164.09829099465432, 166.3216726615539, 171.8132120146786, 159.42412052205086, 171.1523839079198, 165.73809734735005, 163.61115229376773, 170.7061707667078, 167.24932224559538, 165.45258324942537, 173.7908838543855, 162.36045637367752, 164.697278282922, 166.2034452605437, 161.33464779639024, 165.30797845020356, 161.7914604302713, 166.08222578598009, 165.93178096415434, 162.63817855184908, 162.42506525593822, 160.4346174118283, 162.5405793429402, 163.76015196090157, 165.00749273657374, 157.12682575618416, 155.67543251007, 157.55970139655113, 155.6277679213637, 159.753429791403, 161.01217000613843, 161.79426475394322, 162.45093341976812, 159.4543457918342, 162.37232129837273, 161.18770522466534, 161.31887067721925, 160.45959759200565, 161.2118536224653, 159.68120265079432, 159.6512778845954, 161.84577364418783, 161.3988979856228, 162.04839599802878, 158.18030472498825, 161.37667456215036, 159.46539443023494, 159.16788804615078, 160.85549571114498, 161.2607205881159, 160.1077697961059, 160.889976766004, 160.56656827027072, 160.72735086843582, 159.05652850376515, 159.1181800594689, 157.7580622544754, 158.38278738599138, 160.66655066557246, 159.85217644639118, 158.9402326409224, 160.6565275509891, 158.09269318629043, 158.1537526291043, 160.6034594773995, 159.28669169949342, 161.4017295979369, 160.01083703821743, 159.55422192237242, 159.50164462905732, 157.43201789338568, 158.18986459661946, 158.771251862969, 161.11744171979495, 161.15764643234283, 158.32168111688298, 160.46354863080964, 158.98696629085907, 161.93904365169942, 159.6934124331676, 160.53584063891807, 153.7554823159901, 153.736076932695, 154.34599828323815, 155.58585205762512, 154.68175769883374, 155.89538286616218, 154.18043836188048, 156.82012194736814, 153.7939148409451, 153.97355519641968, 152.33471850736922, 151.44174775108914, 151.7463571489804, 162.21193941572108, 158.27505812512672, 159.18256436323844, 160.9371297498703, 158.96823194436973, 159.3097332715286, 161.05874955143656, 160.63379806742262, 160.28182739678684, 158.69294704389245, 159.41795016630843, 160.1072937648936, 159.0794914715777, 162.3822770490745, 156.65386281248163, 159.0805874585999, 160.9815762719354, 160.43687180580616, 160.03446586713176, 159.15695579709197, 158.24441157419162, 160.51154792507054, 161.16088284295364, 159.07647955504683, 160.3133735844902, 158.301108360009, 159.5330776474258, 160.3874577631219, 158.44127574906372, 159.98671060181712, 161.15228726777147, 159.05344749894374, 160.60596758907602, 158.41244617533889, 152.1411855573508, 155.89691747506342, 154.7661426100078, 155.14990970283247, 152.66137585105008, 155.17810257285308, 151.26569144575674, 155.49648770311455, 155.475144865619, 153.48342560759957, 154.6933449895621, 153.8910183121693, 154.41628753615035, 151.45410975584136, 154.73163139799593, 152.68072432187356, 153.59825913288594, 154.5639882837075, 152.68640281827837, 151.54381868447098, 151.9890885487776, 156.12815743260822, 153.55415814097606, 151.72508642620767, 151.90249370190787, 150.47909779520626, 150.7806407909638, 151.3766199075044, 153.79350130761563, 151.23768968684075, 150.66009355280434, 151.8321346549625, 148.77085393704894, 152.65209307558015, 153.70446994195487, 149.86095247687257, 154.8661585878862, 153.60346715213936, 155.2314100138937, 155.13757469008817, 154.43057294111077, 150.41176349920374, 150.8279338636864, 151.90855303520317, 151.52620408012052, 153.15405171559462, 153.09795570670687, 156.53380782558725, 157.08019547490778, 154.2232676473992, 152.76315495920278, 150.58269133971328, 148.75528688130865, 153.54258849615223, 146.8137715487156, 153.05719728266922, 151.6507073953944, 148.88341690593535, 148.99977543160617, 151.09125311019787, 153.65791896383362, 152.87941623686945, 152.4013608140047, 151.08533146491484, 148.84409723653096, 152.12040763264577, 158.40141454335082, 158.8478676793675, 158.31877857100534, 157.74963612411173, 158.96660301337005, 158.65889210189752, 157.5975286098438, 158.92627395400507, 157.78235207110546, 157.2523984064823, 160.02880791422348, 160.09509190310027, 159.343420664901, 160.67322838530785, 156.392566128427, 158.10202603140775, 157.52559405944982, 156.51928955859154, 155.9548397309105, 159.86110529737272, 157.81118534014217, 158.7336356754103, 157.68857138921584, 156.381807618645, 159.40267411706034, 157.81285599751746, 159.98885212153752, 159.44477425920667, 157.8095485224744, 158.6924927343893, 156.5692563047545, 159.99123022720045, 155.9520251648522, 153.73487227421023, 152.31214759836618, 153.8965029397746, 152.581741015713, 152.86719869168246, 153.91609208750327, 152.3423397164339, 153.4237113810613, 153.73931026239157, 159.08971140510766, 157.65685407264357, 157.45789630091352, 157.44647205419238, 155.773660122353, 158.35434882213445, 157.71456521565244, 160.16924906600454, 158.54005432940426, 157.14372958020851, 158.85668833465448, 156.22665305452227, 157.61376218917437, 157.4551862243486, 156.40574739588948, 156.29078471136913, 157.20216809372317, 157.19127357806784, 158.54665109569555, 159.44482287951243, 159.53048552683686, 156.30900885245188, 157.82513997765088, 157.6588071807078, 157.35415489056544, 159.40701650317513, 158.09335236161724, 157.76278851781893, 158.5975030318446, 156.15553177001706, 157.97664828514462, 158.5860653134184, 158.8255142675744, 157.27825274188385, 156.7594471356903, 156.6379472789093, 156.05574687347843, 155.34243903250464, 155.55862493776212, 154.85246199450418, 156.41277503295026, 156.11317143024067, 156.39136597261432, 155.49284967795668, 155.05744432607804, 156.9283108299554, 156.04837857384854, 156.55168376562386, 154.86317932584276, 158.36822339693282, 155.69026056992325, 145.58511515870623, 146.72441696828452, 147.85526871550695, 149.23968466975623, 151.28770407492635, 148.5459929736968, 148.84110673687422, 150.04015793389698, 148.30035142078654, 147.59924122115626, 146.8139140001699, 147.6587011453229, 149.6915429944765, 147.03123108417878, 147.84338260634667, 147.85722216319056, 147.50197203403854, 147.74735913748282, 143.36861801990193, 142.37746498104028, 143.5619322281931, 142.61825388399606, 146.2804753496515, 144.41051659999312, 142.9437805563661, 144.61840026666246, 144.08760418676283, 145.64399632987374, 142.25547037882325, 145.0731887147996, 144.78921206753148, 144.72372536923854, 143.5246945799378, 143.6989866643762, 143.36195038509382, 145.50626275845562, 142.724125567462, 140.06416280562772, 143.0734301225075, 143.97889729295468, 146.2393558107326, 141.75037617917258, 140.54100145507758, 142.03595080780846, 142.2590253225937, 142.2472854564408, 141.96670969148093, 143.2492867558089, 142.7177389662161, 143.1394930262273, 142.06960703058266, 143.01460962268703, 146.1409838071625, 144.17745030335388, 143.29929873979574, 145.7920869850737, 144.72655862910617, 143.71434831564187, 155.49197425104992, 153.95457839499556, 155.08917724133474, 155.03899644665643, 153.7065720151653, 154.91318341890718, 153.55211795606698, 152.95753865112044, 153.31721705697373, 154.94096032851496, 153.95156007735852, 154.92499026979976, 154.72624805501547, 154.02548255853756, 154.457515107558, 153.75418711173614, 153.31912964571424, 152.4395306766503, 153.11202004330127, 153.02888807169828, 153.82911584509029, 152.60615030741903, 152.97973676913452, 153.40073653221964, 154.89236010601516, 154.12378045788068, 154.44199124129608, 154.5354580766566, 151.80059334301995, 154.46651007399282, 155.62185253025297, 152.64586308090452, 154.75832098094673, 155.59518631443697, 153.74556514568235, 156.7350129308498, 155.12738159734414, 153.2469265086972, 154.52456940981526, 153.13469621343089, 154.7414061218243, 154.90548336733912, 152.9628007266128, 153.08269771949315, 153.535878521463, 141.11704564467752, 143.44396556083848, 141.55057476090548, 145.65942751641833, 144.54366996168017, 144.19106272936673, 142.36355107449322, 142.36522551709365, 138.45223788841918, 141.81400949736647, 140.2854211193667, 141.5253323506529, 141.5900327806604, 139.6283904566818, 139.7593619683093, 142.03146175033075, 149.63273255064414, 154.148149002941, 152.40489943920076, 152.7040402023455, 153.47167694319208, 152.31064583301688, 152.27281029981248]"
